Num_threads,Matriz,Num_iteracoes,Num_formigas,Total_vertices_percorrido,Tempo,Potencia_media_W,Energia_total_J,Vertice_por_segundo,Vertice_por_j,Tamanho_matriz,Tempo_1_thread,Speedup,Eficiencia,Eficiencia_percentual,Joules_por_vertice
1,50x50,1000,50,2500000,2.51,26.93,68.15,995217.4,36787.07,50,2.51,1.0,1.0,100.0,2.7260000000000003e-05
2,50x50,1000,50,2500000,1.36,29.6,40.1,1832350.92,63192.98,50,2.51,1.8455882352941173,0.9227941176470587,92.27941176470587,1.604e-05
3,50x50,1000,50,2500000,0.98,35.46,35.49,2554467.39,70505.88,50,2.51,2.561224489795918,0.8537414965986394,85.37414965986395,1.4196000000000001e-05
4,50x50,1000,50,2500000,0.83,40.04,34.63,3008176.99,74441.38,50,2.51,3.0240963855421685,0.7560240963855421,75.6024096385542,1.3852e-05
5,50x50,1000,50,2500000,0.68,44.77,29.32,3679888.57,88396.84,50,2.51,3.6911764705882346,0.7382352941176469,73.82352941176468,1.1728e-05
6,50x50,1000,50,2500000,0.67,48.57,31.87,3731476.06,81036.85,50,2.51,3.7462686567164174,0.6243781094527362,62.43781094527362,1.2748e-05
7,50x50,1000,50,2500000,0.72,48.27,33.85,3471838.71,75903.4,50,2.51,3.486111111111111,0.498015873015873,49.801587301587304,1.354e-05
8,50x50,1000,50,2500000,0.66,48.47,34.28,3815754.97,75038.62,50,2.51,3.8030303030303023,0.4753787878787878,47.53787878787878,1.3712e-05
9,50x50,1000,50,2500000,0.61,50.63,30.66,4086440.03,84846.55,50,2.51,4.114754098360655,0.45719489981785055,45.71948998178505,1.2264e-05
10,50x50,1000,50,2500000,0.57,52.84,29.37,4381709.52,87097.75,50,2.51,4.4035087719298245,0.44035087719298244,44.03508771929825,1.1748e-05
11,50x50,1000,50,2500000,0.59,53.32,32.68,4206651.06,79814.4,50,2.51,4.254237288135593,0.386748844375963,38.674884437596305,1.3072e-05
12,50x50,1000,50,2500000,0.66,51.46,33.7,3815606.94,76943.33,50,2.51,3.8030303030303023,0.3169191919191919,31.691919191919187,1.3480000000000001e-05
1,100x100,1000,100,10000000,19.45,21.8,423.56,514059.01,23617.39,100,19.45,1.0,1.0,100.0,4.2356e-05
2,100x100,1000,100,10000000,9.96,29.7,295.06,1003823.35,33895.17,100,19.45,1.9528112449799195,0.9764056224899598,97.64056224899598,2.9506000000000002e-05
3,100x100,1000,100,10000000,6.93,35.92,250.8,1443464.39,39878.61,100,19.45,2.8066378066378066,0.9355459355459356,93.55459355459355,2.508e-05
4,100x100,1000,100,10000000,5.4,43.29,233.34,1850787.42,42866.84,100,19.45,3.6018518518518516,0.9004629629629629,90.04629629629629,2.3334e-05
5,100x100,1000,100,10000000,4.48,49.21,218.26,2229970.69,45850.73,100,19.45,4.341517857142857,0.8683035714285714,86.83035714285714,2.1826e-05
6,100x100,1000,100,10000000,4.16,50.69,212.27,2403998.4,47142.58,100,19.45,4.675480769230769,0.7792467948717948,77.92467948717949,2.1227000000000002e-05
7,100x100,1000,100,10000000,4.37,50.24,220.0,2286450.57,45484.8,100,19.45,4.450800915331808,0.6358287021902582,63.58287021902582,2.2e-05
8,100x100,1000,100,10000000,3.87,52.5,205.95,2583328.17,48606.83,100,19.45,5.025839793281653,0.6282299741602067,62.82299741602066,2.0595e-05
9,100x100,1000,100,10000000,3.55,55.59,196.2,2816294.87,50976.08,100,19.45,5.47887323943662,0.6087636932707355,60.876369327073554,1.962e-05
10,100x100,1000,100,10000000,3.17,60.25,188.18,3157993.65,53224.35,100,19.45,6.135646687697161,0.613564668769716,61.3564668769716,1.8818000000000002e-05
11,100x100,1000,100,10000000,3.13,61.39,191.72,3196137.08,52244.47,100,19.45,6.214057507987221,0.5649143189079292,56.49143189079292,1.9172e-05
12,100x100,1000,100,10000000,3.33,59.31,197.52,3004498.07,50668.13,100,19.45,5.8408408408408405,0.48673673673673673,48.673673673673676,1.9752e-05
1,150x150,1000,150,22500000,64.34,22.0,1415.7,349713.7,15894.68,150,64.34,1.0,1.0,100.0,6.292e-05
2,150x150,1000,150,22500000,32.87,30.43,1001.44,684491.0,22469.2,150,64.34,1.9574079707940373,0.9787039853970186,97.87039853970187,4.4508444444444445e-05
3,150x150,1000,150,22500000,22.45,36.48,815.68,1002266.38,27585.48,150,64.34,2.8659242761692654,0.9553080920564218,95.53080920564217,3.625244444444444e-05
4,150x150,1000,150,22500000,17.64,43.38,768.78,1275356.8,29269.53,150,64.34,3.6473922902494333,0.9118480725623583,91.18480725623583,3.4167999999999995e-05
5,150x150,1000,150,22500000,14.69,49.28,722.42,1531938.05,31147.24,150,64.34,4.379850238257318,0.8759700476514636,87.59700476514635,3.2107555555555555e-05
6,150x150,1000,150,22500000,13.54,50.96,689.26,1661655.09,32647.58,150,64.34,4.751846381093058,0.791974396848843,79.1974396848843,3.063377777777778e-05
7,150x150,1000,150,22500000,13.92,50.54,705.89,1615986.32,31877.44,150,64.34,4.62212643678161,0.6603037766830872,66.03037766830872,3.137288888888889e-05
8,150x150,1000,150,22500000,12.35,53.31,657.55,1821159.85,34221.23,150,64.34,5.209716599190283,0.6512145748987854,65.12145748987854,2.9224444444444443e-05
9,150x150,1000,150,22500000,11.13,58.54,653.17,2020859.96,34461.35,150,64.34,5.780772686433064,0.6423080762703405,64.23080762703405,2.9029777777777777e-05
10,150x150,1000,150,22500000,10.18,62.44,633.92,2211680.03,35552.07,150,64.34,6.3202357563850695,0.632023575638507,63.2023575638507,2.817422222222222e-05
11,150x150,1000,150,22500000,9.88,63.35,626.48,2285030.35,36022.86,150,64.34,6.512145748987854,0.5920132499079868,59.201324990798675,2.7843555555555557e-05
12,150x150,1000,150,22500000,10.36,60.19,624.41,2173450.19,36054.49,150,64.34,6.210424710424711,0.5175353925353926,51.75353925353926,2.7751555555555555e-05
1,200x200,1000,200,40000000,152.21,22.55,3436.07,262819.13,11651.31,200,152.21,1.0,1.0,100.0,8.590175e-05
2,200x200,1000,200,40000000,77.42,30.97,2399.85,516694.37,16668.9,200,152.21,1.9660294497545854,0.9830147248772927,98.30147248772927,5.999625e-05
3,200x200,1000,200,40000000,53.11,36.69,1950.15,753139.47,20512.98,200,152.21,2.865938617962719,0.9553128726542397,95.53128726542397,4.8753750000000004e-05
4,200x200,1000,200,40000000,41.19,43.57,1792.11,971219.48,22321.24,200,152.21,3.6953143966982283,0.9238285991745571,92.3828599174557,4.480275e-05
5,200x200,1000,200,40000000,34.93,48.83,1704.36,1145106.78,23470.35,200,152.21,4.357572287432007,0.8715144574864014,87.15144574864014,4.2609e-05
6,200x200,1000,200,40000000,32.05,50.42,1615.64,1248098.07,24761.25,200,152.21,4.749141965678628,0.7915236609464379,79.1523660946438,4.0391e-05
7,200x200,1000,200,40000000,31.73,50.76,1611.91,1260701.57,24816.21,200,152.21,4.79703750393949,0.6852910719913556,68.52910719913557,4.029775e-05
8,200x200,1000,200,40000000,28.37,54.47,1544.02,1410002.97,25906.8,200,152.21,5.365174480084597,0.6706468100105746,67.06468100105745,3.86005e-05
9,200x200,1000,200,40000000,25.82,58.38,1509.74,1549441.4,26501.48,200,152.21,5.895042602633618,0.6550047336259576,65.50047336259576,3.77435e-05
10,200x200,1000,200,40000000,23.29,62.38,1451.43,1717719.86,27560.69,200,152.21,6.535422928295406,0.6535422928295407,65.35422928295407,3.628575e-05
11,200x200,1000,200,40000000,22.1,63.39,1399.22,1810662.76,28591.38,200,152.21,6.887330316742081,0.6261209378856437,62.61209378856437,3.49805e-05
12,200x200,1000,200,40000000,23.3,60.78,1416.95,1717009.0,28230.18,200,152.21,6.5326180257510735,0.5443848354792561,54.43848354792561,3.542375e-05
