Num_threads,Matriz,Num_iteracoes,Num_formigas,Total_vertices_percorrido,Tempo,Potencia_media_W,Energia_total_J,Vertice_por_segundo,Vertice_por_j
1,100x100,1000,100,10000000,2.55,26.22,66.54,3924740.31,150726.17
1,150x150,1000,150,22500000,7.84,25.73,201.28,2871031.01,111900.42
1,200x200,1000,200,40000000,17.62,24.28,427.59,2270516.13,93644.73
1,50x50,1000,50,2500000,0.39,39.40,16.38,6368841.98,169973.24
2,100x100,1000,100,10000000,1.42,33.25,48.10,7050434.28,209142.70
2,150x150,1000,150,22500000,4.22,31.21,133.14,5332566.42,169176.55
2,200x200,1000,200,40000000,9.46,31.17,294.85,4226759.55,135683.30
2,50x50,1000,50,2500000,0.28,25.23,6.50,8930540.04,442617.46
3,100x100,1000,100,10000000,1.04,37.63,39.18,9579834.55,256901.57
3,150x150,1000,150,22500000,3.01,36.77,108.10,7474438.84,208280.01
3,200x200,1000,200,40000000,6.74,37.17,250.14,5939385.64,159958.46
3,50x50,1000,50,2500000,0.23,30.95,6.45,10948322.17,392424.08
4,100x100,1000,100,10000000,0.89,41.41,34.23,11198060.31,292725.98
4,150x150,1000,150,22500000,2.48,42.02,106.21,9093289.39,212319.24
4,200x200,1000,200,40000000,5.35,42.47,228.12,7476489.18,175688.56
4,50x50,1000,50,2500000,0.22,36.99,7.60,11129036.51,333331.85
5,100x100,1000,100,10000000,0.82,47.71,41.00,12267139.53,246936.37
5,150x150,1000,150,22500000,2.11,46.04,96.77,10677174.04,232910.51
5,200x200,1000,200,40000000,4.59,46.84,215.40,8712682.76,185807.16
5,50x50,1000,50,2500000,0.22,37.59,9.13,11296277.02,294951.29
6,100x100,1000,100,10000000,0.76,48.47,36.07,13084096.73,282379.27
6,150x150,1000,150,22500000,2.00,49.70,98.43,11269564.70,229261.18
6,200x200,1000,200,40000000,4.39,49.44,215.72,9107159.20,185469.02
6,50x50,1000,50,2500000,0.24,41.03,8.57,10550895.67,294834.94
7,100x100,1000,100,10000000,0.78,47.29,37.06,12791767.72,271532.53
7,150x150,1000,150,22500000,2.08,48.08,99.56,10804992.79,226072.90
7,200x200,1000,200,40000000,4.49,47.70,214.68,8908988.74,186379.25
7,50x50,1000,50,2500000,0.24,43.79,12.39,10489060.90,223040.05
8,100x100,1000,100,10000000,0.71,48.53,33.93,14037773.21,299535.52
8,150x150,1000,150,22500000,1.87,51.26,96.83,12029724.31,233299.46
8,200x200,1000,200,40000000,3.97,51.16,206.30,10069182.44,194034.84
8,50x50,1000,50,2500000,0.24,43.04,12.84,10543235.68,227343.41
9,100x100,1000,100,10000000,0.68,51.00,34.08,14794149.74,297646.11
9,150x150,1000,150,22500000,1.70,52.09,88.12,13204048.02,255979.76
9,200x200,1000,200,40000000,3.62,53.01,188.69,11039533.11,212135.85
9,50x50,1000,50,2500000,0.24,45.22,9.29,10336144.18,270383.13
10,100x100,1000,100,10000000,0.63,52.30,32.18,15771766.91,310780.28
10,150x150,1000,150,22500000,1.57,53.77,86.93,14332057.70,259496.32
10,200x200,1000,200,40000000,3.30,56.11,187.67,12132854.84,213220.30
10,50x50,1000,50,2500000,0.24,47.33,10.15,10344121.00,247485.64
11,100x100,1000,100,10000000,0.65,52.45,32.96,15507246.83,303593.00
11,150x150,1000,150,22500000,1.53,55.30,82.17,14720005.52,274136.95
11,200x200,1000,200,40000000,3.19,57.53,179.43,12557806.20,222944.68
11,50x50,1000,50,2500000,0.25,46.26,9.48,9993245.79,264594.08
12,100x100,1000,100,10000000,0.68,51.47,38.24,14822074.64,267216.94
12,150x150,1000,150,22500000,1.64,54.09,89.52,13694014.23,251362.60
12,200x200,1000,200,40000000,3.39,55.10,188.45,11808710.12,212372.10
12,50x50,1000,50,2500000,0.27,45.58,16.60,9155610.04,165425.19
