Num_threads,Matriz,Tempo,Potencia_media_W,Energia_total_J,Vertice_por_segundo,Vertice_por_j
1,100x100,19.4538,21.79878867798868,423.5620118,514059.0091890177,23617.392724944504
1,150x150,64.33879999999999,21.998235005376422,1415.7030512000001,349713.6966607127,15894.677874707393
1,200x200,152.2108,22.552177980338975,3436.0739128,262819.12999125454,11651.31437688605
1,50x50,2.5122,26.9324,68.1470196,995217.4043595584,36787.070616227706
2,100x100,9.962,29.696907820512827,295.05517180000004,1003823.3464893444,33895.17108691099
2,150x150,32.8722,30.43214870229008,1001.4448902,684491.0040375937,22469.200561802274
2,200x200,77.4162,30.974373651211646,2399.8451872,516694.3710237529,16668.89701563675
2,50x50,1.3646,29.601620000000004,40.100127199999996,1832350.9236527346,63192.98087254116
3,100x100,6.9277999999999995,35.92405343915344,250.80374780000002,1443464.3881319608,39878.605905769684
3,150x150,22.449199999999998,36.47834359039837,815.6760372,1002266.3752711825,27585.480052470062
3,200x200,53.1114,36.69050288460622,1950.1525508,753139.4677382263,20512.984021587483
3,50x50,0.9788,35.4589,35.492503,2554467.389587788,70505.87981521784
4,100x100,5.4033999999999995,43.29234155844156,233.3370712,1850787.4211085155,42866.842490656774
4,150x150,17.642599999999998,43.37707448692153,768.7847466,1275356.8033490735,29269.526559970902
4,200x200,41.1858,43.57010438425856,1792.1135316,971219.4766426748,22321.243489379245
4,50x50,0.8314,40.043416666666666,34.6341968,3008176.9896447835,74441.37731744006
5,100x100,4.4846,49.20656862745098,218.26391560000002,2229970.690811678,45850.72593470702
5,150x150,14.6878,49.28395599064875,722.4229348000001,1531938.045991459,31147.236929965613
5,200x200,34.932,48.83260909185695,1704.3588210000003,1145106.7821709516,23470.353731978703
5,50x50,0.6794,44.76876666666667,29.3198078,3679888.574601052,88396.835263375
6,100x100,4.1598,50.69011911764706,212.27266500000002,2403998.403175569,47142.576928367664
6,150x150,13.5414,50.957980503144654,689.264912,1661655.0896678248,32647.582925882412
6,200x200,32.0504,50.4205034059696,1615.636044,1248098.0735734855,24761.249517928423
6,50x50,0.67,48.57356666666667,31.869745799999997,3731476.0630445816,81036.8521385983
7,100x100,4.373600000000001,50.24059150326797,220.0047208,2286450.56974705,45484.799379584896
7,150x150,13.9234,50.54338564935065,705.8911854,1615986.3204487376,31877.437028067106
7,200x200,31.7284,50.763288888888894,1611.9084646,1260701.5735733786,24816.211958732565
7,50x50,0.7202,48.271366666666665,33.854119600000004,3471838.7072631717,75903.40387971072
8,100x100,3.871,52.5003875,205.94827279999998,2583328.1659895764,48606.82566692619
8,150x150,12.354800000000001,53.310449404761904,657.5525752000001,1821159.8538909648,34221.2306611807
8,200x200,28.3688,54.4706673198483,1544.0156683999999,1410002.9721963266,25906.801689204363
8,50x50,0.6552,48.4661,34.2759426,3815754.9741917043,75038.61917127922
9,100x100,3.5508,55.58587142857143,196.198983,2816294.8670175686,50976.07953943869
9,150x150,11.134,58.54421434343435,653.1686338,2020859.9562947885,34461.34941996036
9,200x200,25.815800000000003,58.37846552446221,1509.7367994,1549441.3982986496,26501.476851251653
9,50x50,0.6118,50.633966666666666,30.656861400000004,4086440.034497615,84846.5503379316
10,100x100,3.1666,60.245266666666666,188.1843968,3157993.6505525266,53224.35256888621
10,150x150,10.177200000000001,62.4363347069597,633.9225754,2211680.0310243843,35552.069035433335
10,200x200,23.2868,62.37635011687705,1451.4253486000002,1717719.858280958,27560.693408516167
10,50x50,0.5706,52.8362,29.3665848,4381709.517044394,87097.74507581399
11,100x100,3.129,61.39247435897437,191.7182842,3196137.083687495,52244.473217727966
11,150x150,9.881,63.35059203787161,626.476901,2285030.3458819836,36022.858154361194
11,200x200,22.0958,63.394168717811624,1399.2181966,1810662.7587708146,28591.375006397557
11,50x50,0.5944,53.3248,32.683824800000004,4206651.0585340075,79814.39627474341
12,100x100,3.3287999999999998,59.31036373626373,197.515839,3004498.0732789217,50668.12695038893
12,150x150,10.3562,60.194334285714284,624.4146064,2173450.1941153407,36054.492096695874
12,200x200,23.2966,60.776754407163665,1416.9543012,1717009.000327386,28230.176539287757
12,50x50,0.6556,51.45956666666666,33.6961072,3815606.943627786,76943.32525524874
