Num_Threads,Matriz,Tempo,Data_inicio,Data_fim,Energia_total_W,Energia_total_J
1,50x50,2.44,2026-09-27 14:41:14.227786064,2026-09-27 14:41:16.668776989,23.0201,57.575055000000006
2,50x50,1.309,2026-09-27 14:41:16.668951035,2026-09-27 14:41:17.978605986,30.2118,37.72507099999999
3,50x50,0.938,2026-09-27 14:41:17.978686094,2026-09-27 14:41:18.916527033,36.05199999999999,36.07758
4,50x50,0.78,2026-09-27 14:41:18.916601896,2026-09-27 14:41:19.696429014,41.48866666666667,30.869173000000004
5,50x50,0.659,2026-09-27 14:41:19.696500063,2026-09-27 14:41:20.355042934,47.62633333333333,36.047169000000004
6,50x50,0.629,2026-09-27 14:41:20.355114937,2026-09-27 14:41:20.984821081,50.076,24.942059999999998
7,50x50,0.721,2026-09-27 14:41:20.984879971,2026-09-27 14:41:21.705127001,51.55566666666667,38.717587
8,50x50,0.64,2026-09-27 14:41:21.705190897,2026-09-27 14:41:22.345427036,49.69,37.294989
9,50x50,0.594,2026-09-27 14:41:22.345489979,2026-09-27 14:41:22.939344883,52.307,25.630726000000003
10,50x50,0.551,2026-09-27 14:41:22.939404011,2026-09-27 14:41:23.490796089,53.973,27.069758
11,50x50,0.564,2026-09-27 14:41:23.490850925,2026-09-27 14:41:24.054282904,55.8605,28.256082999999997
12,50x50,0.643,2026-09-27 14:41:24.054342985,2026-09-27 14:41:24.697838068,52.846000000000004,39.48325799999999
1,100x100,19.172,2026-09-27 14:41:24.699434042,2026-09-27 14:41:43.871002913,22.87681818181818,441.937664
2,100x100,9.755,2026-09-27 14:41:43.871424913,2026-09-27 14:41:53.626703978,31.129,297.44806800000003
3,100x100,6.796,2026-09-27 14:41:53.626823902,2026-09-27 14:42:00.422142982,36.31348148148148,248.30058699999998
4,100x100,5.287,2026-09-27 14:42:00.422274113,2026-09-27 14:42:05.709325075,43.98790476190476,233.21899100000002
5,100x100,4.374,2026-09-27 14:42:05.709399939,2026-09-27 14:42:10.083975077,49.96205555555556,225.24966
6,100x100,4.141,2026-09-27 14:42:10.084038973,2026-09-27 14:42:14.225858927,51.20325,205.044302
7,100x100,4.3,2026-09-27 14:42:14.225923061,2026-09-27 14:42:18.526088953,50.896352941176474,218.662545
8,100x100,3.834,2026-09-27 14:42:18.526149035,2026-09-27 14:42:22.360805035,53.04499999999999,199.838175
9,100x100,3.493,2026-09-27 14:42:22.360865116,2026-09-27 14:42:25.853737116,56.576428571428565,200.11705199999997
10,100x100,3.113,2026-09-27 14:42:25.853796959,2026-09-27 14:42:28.966334105,61.07783333333334,185.77847100000002
11,100x100,3.104,2026-09-27 14:42:28.966463089,2026-09-27 14:42:32.070583105,62.65200000000001,206.58704
12,100x100,3.281,2026-09-27 14:42:32.070647001,2026-09-27 14:42:35.351950884,59.63158333333333,184.47074400000002
1,150x150,63.618,2026-09-27 14:42:35.355302095,2026-09-27 14:43:38.973350048,22.569470355731227,1436.246651
2,150x150,32.482,2026-09-27 14:43:38.973433971,2026-09-27 14:44:11.455566883,31.150635658914727,1016.969477
3,150x150,22.425,2026-09-27 14:44:11.455643892,2026-09-27 14:44:33.880614042,36.593056179775274,818.58468
4,150x150,17.469,2026-09-27 14:44:33.880743980,2026-09-27 14:44:51.349386930,43.63997101449275,760.536958
5,150x150,14.629,2026-09-27 14:44:51.349458933,2026-09-27 14:45:05.978132963,49.38739655172414,722.686591
6,150x150,13.79,2026-09-27 14:45:05.978209972,2026-09-27 14:45:19.768044949,50.9622,709.331437
7,150x150,13.833,2026-09-27 14:45:19.768107891,2026-09-27 14:45:33.601694107,50.57105555555555,689.380754
8,150x150,12.27,2026-09-27 14:45:33.601758957,2026-09-27 14:45:45.871324062,53.65387755102041,663.1628019999999
9,150x150,11.075,2026-09-27 14:45:45.871397018,2026-09-27 14:45:56.946444035,58.27072727272728,647.7260950000002
10,150x150,10.0,2026-09-27 14:45:56.946501970,2026-09-27 14:46:06.946291924,62.458124999999995,627.924612
11,150x150,9.41,2026-09-27 14:46:06.946360111,2026-09-27 14:46:16.356338978,63.76900000000001,596.4030459999999
12,150x150,10.025,2026-09-27 14:46:16.356400013,2026-09-27 14:46:26.381409883,61.046769230769236,607.078985
1,200x200,150.202,2026-09-27 14:46:26.387149096,2026-09-27 14:48:56.589580059,22.545591289782244,3387.3192710000003
2,200x200,76.435,2026-09-27 14:48:56.589656115,2026-09-27 14:50:13.024197102,31.543762376237623,2413.953715
3,200x200,53.068,2026-09-27 14:50:13.024271011,2026-09-27 14:51:06.092185020,36.8902654028436,1961.1879509999999
4,200x200,40.953,2026-09-27 14:51:06.092257977,2026-09-27 14:51:47.045758009,43.618746913580246,1776.557407
5,200x200,34.635,2026-09-27 14:51:47.045831919,2026-09-27 14:52:21.680308104,48.93771014492754,1701.9139280000002
6,200x200,32.279,2026-09-27 14:52:21.680385113,2026-09-27 14:52:53.959448099,50.3787578125,1624.678606
7,200x200,31.61,2026-09-27 14:52:53.959510088,2026-09-27 14:53:25.569819927,50.89596,1604.823953
8,200x200,28.221,2026-09-27 14:53:25.569890976,2026-09-27 14:53:53.791368961,54.69648648648649,1542.1108229999998
9,200x200,25.729,2026-09-27 14:53:53.791510105,2026-09-27 14:54:19.520880938,58.28076470588236,1502.025642
10,200x200,23.24,2026-09-27 14:54:19.520952940,2026-09-27 14:54:42.761775970,62.31718478260869,1448.981876
11,200x200,21.858,2026-09-27 14:54:42.761838913,2026-09-27 14:55:04.619412899,63.59211627906975,1390.4812789999996
12,200x200,23.12,2026-09-27 14:55:04.619478941,2026-09-27 14:55:27.739756107,61.11438888888888,1409.281252
