Num_threads,Matriz,Num_iteracoes,Num_formigas,Total_vertices_percorrido,Tempo,Potencia_media_W,Energia_total_J,Vertice_por_segundo,Vertice_por_j,Desvio_Tempo,Desvio_Potencia_W,Desvio_Energia_J,Desvio_Vertice_por_j
1,100x100,1000,100,10000000,2.52,21.12,53.66,3964904.21,186443.27,0.01,0.58,1.24,4327.44
1,150x150,1000,150,22500000,7.73,22.53,173.28,2910406.29,130257.18,0.03,1.49,11.33,7875.97
1,200x200,1000,200,40000000,17.43,22.86,399.37,2294402.79,100738.31,0.12,1.82,35.25,8221.49
1,50x50,1000,50,2500000,0.38,17.22,7.24,6560004.93,345974.72,0.01,0.41,0.33,15625.82
2,100x100,1000,100,10000000,1.40,26.65,38.35,7154299.32,261132.55,0.02,1.33,1.58,10677.53
2,150x150,1000,150,22500000,4.18,29.53,124.02,5386964.24,181770.52,0.04,1.56,6.17,8795.16
2,200x200,1000,200,40000000,9.39,30.83,289.86,4258912.22,138330.24,0.04,1.67,16.05,7542.99
2,50x50,1000,50,2500000,0.27,16.15,4.87,9342645.58,637910.68,0.00,4.16,2.43,333278.83
3,100x100,1000,100,10000000,1.02,30.73,32.00,9821572.90,312708.71,0.01,1.34,1.01,9929.46
3,150x150,1000,150,22500000,2.95,35.59,104.86,7618769.01,214642.29,0.04,1.30,2.12,4346.06
3,200x200,1000,200,40000000,6.54,36.35,239.45,6113127.39,167140.77,0.05,0.94,6.26,4321.12
3,50x50,1000,50,2500000,0.21,11.42,2.32,11666154.28,1087333.25,0.01,1.28,0.22,101273.16
4,100x100,1000,100,10000000,0.86,31.28,27.09,11653145.73,373547.11,0.01,2.32,3.39,44194.09
4,150x150,1000,150,22500000,2.43,39.23,93.53,9246805.62,241133.80,0.05,1.36,5.25,12963.85
4,200x200,1000,200,40000000,5.26,41.40,219.53,7605522.15,182428.72,0.04,1.28,8.70,7046.97
4,50x50,1000,50,2500000,0.22,16.59,4.16,11350265.83,794794.95,0.01,8.43,2.53,405513.94
5,100x100,1000,100,10000000,0.77,37.42,27.60,13002849.14,365416.06,0.01,3.34,2.78,38031.92
5,150x150,1000,150,22500000,2.10,43.13,88.42,10704413.58,254608.08,0.04,0.95,2.34,6671.09
5,200x200,1000,200,40000000,4.52,46.25,211.00,8854454.91,189789.71,0.07,0.89,8.12,6992.17
5,50x50,1000,50,2500000,0.22,13.25,2.82,11544011.11,936798.31,0.00,4.11,0.85,212953.00
6,100x100,1000,100,10000000,0.74,37.17,25.94,13502669.12,390265.71,0.02,3.66,3.21,47836.88
6,150x150,1000,150,22500000,2.00,46.02,92.06,11253592.97,245077.65,0.05,1.31,5.37,14472.29
6,200x200,1000,200,40000000,4.34,47.46,207.14,9230547.19,193385.45,0.12,1.07,8.74,8249.91
6,50x50,1000,50,2500000,0.22,11.73,3.17,11212566.32,952336.44,0.00,2.34,1.98,328117.49
7,100x100,1000,100,10000000,0.77,39.69,31.25,13028324.87,322074.55,0.01,2.80,2.71,29501.18
7,150x150,1000,150,22500000,2.06,43.59,88.07,10937417.25,255714.63,0.03,1.72,2.97,8322.23
7,200x200,1000,200,40000000,4.46,45.58,204.14,8974973.73,196088.25,0.05,0.73,6.13,5984.43
7,50x50,1000,50,2500000,0.24,11.99,2.90,10628284.98,945335.71,0.01,1.98,1.09,284131.04
8,100x100,1000,100,10000000,0.70,34.63,24.38,14253444.52,418262.78,0.00,1.51,3.92,63485.60
8,150x150,1000,150,22500000,1.83,46.56,83.99,12308145.94,268952.43,0.03,1.63,5.73,19560.52
8,200x200,1000,200,40000000,3.92,49.57,194.33,10195915.82,205867.32,0.02,0.72,2.80,2976.99
8,50x50,1000,50,2500000,0.23,11.79,2.39,10851899.75,1052990.63,0.00,0.96,0.26,106125.48
9,100x100,1000,100,10000000,0.65,33.29,20.68,15329742.28,506771.93,0.01,8.38,5.49,111265.47
9,150x150,1000,150,22500000,1.68,46.48,79.26,13412515.68,284242.44,0.02,2.16,3.22,11079.88
9,200x200,1000,200,40000000,3.60,50.85,180.81,11123305.48,221301.38,0.03,1.27,3.85,4733.73
9,50x50,1000,50,2500000,0.23,14.66,4.18,10850825.65,864404.13,0.00,6.45,3.83,376695.00
10,100x100,1000,100,10000000,0.61,40.19,25.04,16384146.15,402670.01,0.01,3.51,2.61,40491.08
10,150x150,1000,150,22500000,1.54,48.67,76.22,14630027.63,296152.85,0.01,0.65,4.81,19199.01
10,200x200,1000,200,40000000,3.27,52.95,172.79,12233236.59,231662.78,0.03,1.34,5.21,7022.14
10,50x50,1000,50,2500000,0.24,19.48,6.58,10540919.26,547276.33,0.00,8.61,4.20,370635.63
11,100x100,1000,100,10000000,0.62,36.24,22.64,16137630.40,452521.98,0.01,6.02,3.63,84888.47
11,150x150,1000,150,22500000,1.49,48.66,75.83,15125895.24,297338.65,0.04,2.02,3.82,15698.51
11,200x200,1000,200,40000000,3.14,53.73,167.62,12763189.40,238766.89,0.07,1.16,4.51,6337.55
11,50x50,1000,50,2500000,0.25,13.88,2.90,10049423.65,939334.95,0.00,4.75,1.06,271055.90
12,100x100,1000,100,10000000,0.67,34.95,23.56,14979629.34,447533.37,0.01,6.09,6.14,112276.70
12,150x150,1000,150,22500000,1.58,47.44,76.81,14230235.00,293380.91,0.04,3.69,3.34,12689.73
12,200x200,1000,200,40000000,3.30,53.55,172.94,12134621.04,231449.62,0.07,0.44,5.03,6656.51
12,50x50,1000,50,2500000,0.26,19.55,3.91,9683540.36,786128.62,0.00,12.12,2.31,329787.95
