Amostragem,Num_threads,Matriz,Num_iteracoes,Num_formigas,Total_vertices_percorrido,Tempo,Data_inicio,Data_fim,Potencia_media_W,Energia_total_J,Vertice_por_segundo,J_por_segundo,Vertice_por_j
0,1,50x50,1000,50,2500000,0.375,2026-10-05 17:09:21.798715115,2026-10-05 17:09:22.174320936,19.521,8.433606000000001,6666666.666666667,22.489616,296433.10346724757
0,2,50x50,1000,50,2500000,0.275,2026-10-05 17:09:22.174423933,2026-10-05 17:09:22.449390888,21.365,4.443919999999999,9090909.09090909,16.159709090909086,562566.3828331744
0,3,50x50,1000,50,2500000,0.219,2026-10-05 17:09:22.449826002,2026-10-05 17:09:22.668036938,29.272,5.971487999999999,11415525.114155252,27.26706849315068,418656.1205515276
0,4,50x50,1000,50,2500000,0.235,2026-10-05 17:09:22.668092012,2026-10-05 17:09:22.903165102,33.316,6.6298840000000006,10638297.872340426,28.212272340425535,377080.5039726185
0,5,50x50,1000,50,2500000,0.225,2026-10-05 17:09:22.903223038,2026-10-05 17:09:23.128249884,39.155,7.948465000000001,11111111.11111111,35.32651111111111,314526.13806565164
0,6,50x50,1000,50,2500000,0.242,2026-10-05 17:09:23.128309965,2026-10-05 17:09:23.370837927,45.791,10.028229,10330578.512396695,41.438962809917356,249296.26158317685
0,7,50x50,1000,50,2500000,0.243,2026-10-05 17:09:23.370893002,2026-10-05 17:09:23.613872051,44.338499999999996,17.97924,10288065.8436214,73.98864197530865,139049.25903430846
0,8,50x50,1000,50,2500000,0.236,2026-10-05 17:09:23.613938093,2026-10-05 17:09:23.849342108,43.583,9.021681,10593220.338983051,38.22746186440678,277110.21925958147
0,9,50x50,1000,50,2500000,0.244,2026-10-05 17:09:23.849401951,2026-10-05 17:09:24.093333960,44.914,9.88108,10245901.639344262,40.49622950819673,253008.78041671557
0,10,50x50,1000,50,2500000,0.24,2026-10-05 17:09:24.093410969,2026-10-05 17:09:24.333277941,50.843,10.829559,10416666.666666668,45.1231625,230849.65879035334
0,11,50x50,1000,50,2500000,0.254,2026-10-05 17:09:24.333336115,2026-10-05 17:09:24.587819099,45.569,9.797335,9842519.68503937,38.572185039370076,255171.43182304167
0,12,50x50,1000,50,2500000,0.269,2026-10-05 17:09:24.587874889,2026-10-05 17:09:24.856504917,48.0295,19.18154,9293680.297397768,71.30684014869887,130333.64370118355
0,1,100x100,1000,100,10000000,2.53,2026-10-05 17:09:24.858098984,2026-10-05 17:09:27.388689995,26.51783333333333,65.48962800000001,3952569.1699604746,25.88522845849803,152695.93530138847
0,2,100x100,1000,100,10000000,1.41,2026-10-05 17:09:27.388760090,2026-10-05 17:09:28.798892975,31.145714285714288,45.482509,7092198.581560284,32.257098581560285,219864.73965189562
0,3,100x100,1000,100,10000000,1.062,2026-10-05 17:09:28.798962116,2026-10-05 17:09:29.860666037,43.41199999999999,45.67580799999999,9416195.856873823,43.00923540489641,218934.2769809349
0,4,100x100,1000,100,10000000,0.886,2026-10-05 17:09:29.860718966,2026-10-05 17:09:30.746943951,43.19225,35.780969,11286681.71557562,40.38484085778781,279478.17735176487
0,5,100x100,1000,100,10000000,0.806,2026-10-05 17:09:30.747006893,2026-10-05 17:09:31.553417921,46.03,37.87281,12406947.890818859,46.98859801488834,264041.67000019277
0,6,100x100,1000,100,10000000,0.749,2026-10-05 17:09:31.553471088,2026-10-05 17:09:32.302253008,47.516,30.62585,13351134.84646195,40.88898531375167,326521.5496059701
0,7,100x100,1000,100,10000000,0.766,2026-10-05 17:09:32.302306890,2026-10-05 17:09:33.068897963,47.576750000000004,39.63375,13054830.287206266,51.74118798955613,252310.21540984642
0,8,100x100,1000,100,10000000,0.706,2026-10-05 17:09:33.068953037,2026-10-05 17:09:33.774458885,49.036,30.853653,14164305.9490085,43.70205807365439,324110.7300973405
0,9,100x100,1000,100,10000000,0.668,2026-10-05 17:09:33.774512053,2026-10-05 17:09:34.442941904,51.29675,42.76047199999999,14970059.88023952,64.01268263473052,233860.8423218528
0,10,100x100,1000,100,10000000,0.664,2026-10-05 17:09:34.442996025,2026-10-05 17:09:35.107621908,53.924,32.681340999999996,15060240.963855421,49.21888704819276,305984.9961481079
0,11,100x100,1000,100,10000000,0.679,2026-10-05 17:09:35.107676983,2026-10-05 17:09:35.786405087,53.46333333333333,32.673752,14727540.500736376,48.120400589101614,306056.0660434712
0,12,100x100,1000,100,10000000,0.682,2026-10-05 17:09:35.786465883,2026-10-05 17:09:36.468911886,51.988749999999996,42.479916,14662756.598240469,62.287266862170085,235405.3619126742
0,1,150x150,1000,150,22500000,7.772,2026-10-05 17:09:36.472285032,2026-10-05 17:09:44.244220972,25.068918918918914,190.88328199999998,2895007.7200205866,24.56038111168296,117873.07806243609
0,2,150x150,1000,150,22500000,4.207,2026-10-05 17:09:44.244301081,2026-10-05 17:09:48.451972008,30.764047619047616,135.287936,5348229.141906347,32.157816971713814,166311.94669124082
0,3,150x150,1000,150,22500000,2.998,2026-10-05 17:09:48.452038050,2026-10-05 17:09:51.450095892,36.94171428571428,108.910926,7505003.335557037,36.32786057371581,206590.84286915345
0,4,150x150,1000,150,22500000,2.428,2026-10-05 17:09:51.450212955,2026-10-05 17:09:53.878557920,42.469833333333334,104.28998100000001,9266886.326194398,42.95303995057661,215744.59774808088
0,5,150x150,1000,150,22500000,2.155,2026-10-05 17:09:53.878621101,2026-10-05 17:09:56.033087014,47.040099999999995,97.76311199999999,10440835.266821347,45.365713225058,230148.15649485463
0,6,150x150,1000,150,22500000,2.033,2026-10-05 17:09:56.033153057,2026-10-05 17:09:58.066317081,50.66369999999999,103.88327799999999,11067388.096409248,51.09851352680767,216589.2377789619
0,7,150x150,1000,150,22500000,2.066,2026-10-05 17:09:58.066376925,2026-10-05 17:10:00.132776975,48.36710000000001,100.693982,10890609.874152953,48.738616650532435,223449.3020645464
0,8,150x150,1000,150,22500000,1.858,2026-10-05 17:10:00.132836103,2026-10-05 17:10:01.990485907,51.41822222222223,94.94702699999999,12109795.479009688,51.101736813778246,236974.2445964106
0,9,150x150,1000,150,22500000,1.688,2026-10-05 17:10:01.990541935,2026-10-05 17:10:03.678158998,52.338125,86.584291,13329383.886255926,51.29401125592417,259862.3808099324
0,10,150x150,1000,150,22500000,1.566,2026-10-05 17:10:03.678217888,2026-10-05 17:10:05.244220972,54.128249999999994,89.27416600000001,14367816.091954023,57.007768837803326,252032.59809786404
0,11,150x150,1000,150,22500000,1.511,2026-10-05 17:10:05.244277000,2026-10-05 17:10:06.755908012,56.03785714285714,82.491857,14890800.794176044,54.59421376571807,272754.1943927872
0,12,150x150,1000,150,22500000,1.625,2026-10-05 17:10:06.755965948,2026-10-05 17:10:08.380945921,54.485875,89.955873,13846153.846153846,55.35746030769231,250122.63512800328
0,1,200x200,1000,200,40000000,17.62,2026-10-05 17:10:08.386656046,2026-10-05 17:10:26.006885052,23.720294117647057,415.880953,2270147.5595913734,23.602778263337115,96181.37044136283
0,2,200x200,1000,200,40000000,9.49,2026-10-05 17:10:26.007216930,2026-10-05 17:10:35.497746944,30.970608695652178,294.708615,4214963.119072708,31.054648577449946,135727.28438902268
0,3,200x200,1000,200,40000000,6.68,2026-10-05 17:10:35.497812033,2026-10-05 17:10:42.177959919,37.284625,247.541916,5988023.952095808,37.057173053892214,161588.79532951504
0,4,200x200,1000,200,40000000,5.313,2026-10-05 17:10:42.178014040,2026-10-05 17:10:47.491503000,42.14615384615384,227.28052300000004,7528703.180877094,42.77818991153775,175993.96319586958
0,5,200x200,1000,200,40000000,4.656,2026-10-05 17:10:47.491559982,2026-10-05 17:10:52.147525072,45.966818181818184,208.583325,8591065.29209622,44.798824097938144,191769.88381022308
0,6,200x200,1000,200,40000000,4.298,2026-10-05 17:10:52.147598028,2026-10-05 17:10:56.445581913,49.52466666666667,214.35276299999998,9306654.257794322,49.87267636109818,186608.27805611258
0,7,200x200,1000,200,40000000,4.523,2026-10-05 17:10:56.445636034,2026-10-05 17:11:00.968981981,48.030136363636366,218.62943500000003,8843687.817820031,48.33726177315942,182957.9809324394
0,8,200x200,1000,200,40000000,4.01,2026-10-05 17:11:00.969038963,2026-10-05 17:11:04.979348898,51.491949999999996,211.89864699999998,9975062.344139652,52.842555361596006,188769.49223748466
0,9,200x200,1000,200,40000000,3.624,2026-10-05 17:11:04.979412079,2026-10-05 17:11:08.603771925,52.8074705882353,184.019975,11037527.593818985,50.77813879690949,217367.7069568127
0,10,200x200,1000,200,40000000,3.278,2026-10-05 17:11:08.603827000,2026-10-05 17:11:11.881815910,55.467687500000004,182.88448499999998,12202562.538133008,55.79148413666869,218717.2957837293
0,11,200x200,1000,200,40000000,3.115,2026-10-05 17:11:11.881871939,2026-10-05 17:11:14.996679068,57.71706666666666,179.937723,12841091.492776886,57.764919101123596,222299.13401760673
0,12,200x200,1000,200,40000000,3.36,2026-10-05 17:11:14.996735096,2026-10-05 17:11:18.356339931,55.036687500000006,183.586162,11904761.904761905,54.638738690476195,217881.3455449872
1,1,50x50,1000,50,2500000,0.405,2026-10-05 17:11:18.357121944,2026-10-05 17:11:18.762777090,49.161,19.510842,6172839.50617284,48.17491851851852,128133.88576464306
1,2,50x50,1000,50,2500000,0.284,2026-10-05 17:11:18.762844086,2026-10-05 17:11:19.046371937,28.05,11.757833000000002,8802816.90140845,41.40082042253522,212624.21400269927
1,3,50x50,1000,50,2500000,0.249,2026-10-05 17:11:19.046428919,2026-10-05 17:11:19.295367002,35.301,7.695618,10040160.642570281,30.906096385542167,324860.1996616776
1,4,50x50,1000,50,2500000,0.224,2026-10-05 17:11:19.295422077,2026-10-05 17:11:19.519743919,44.071,9.210839,11160714.285714285,41.11981696428571,271419.35712913884
1,5,50x50,1000,50,2500000,0.227,2026-10-05 17:11:19.519795895,2026-10-05 17:11:19.746969938,37.459,7.791472000000001,11013215.859030837,34.32366519823789,320863.6314165025
1,6,50x50,1000,50,2500000,0.251,2026-10-05 17:11:19.747030020,2026-10-05 17:11:19.998128891,40.5,7.938000000000001,9960159.3625498,31.62549800796813,314940.7911312673
1,7,50x50,1000,50,2500000,0.237,2026-10-05 17:11:19.998353004,2026-10-05 17:11:20.235482931,48.915,9.97866,10548523.206751056,42.104050632911395,250534.64092373126
1,8,50x50,1000,50,2500000,0.246,2026-10-05 17:11:20.235538960,2026-10-05 17:11:20.481591940,47.214,20.537919,10162601.626016261,83.48747560975609,121726.06192477437
1,9,50x50,1000,50,2500000,0.259,2026-10-05 17:11:20.481654882,2026-10-05 17:11:20.740331888,51.196,10.2392,9652509.652509652,39.533590733590735,244159.69997656066
1,10,50x50,1000,50,2500000,0.252,2026-10-05 17:11:20.740442991,2026-10-05 17:11:20.992345095,52.765,11.18618,9920634.92063492,44.389603174603174,223490.05648040707
1,11,50x50,1000,50,2500000,0.251,2026-10-05 17:11:20.992400885,2026-10-05 17:11:21.243881941,50.677,10.236754,9960159.3625498,40.783880478087646,244218.0402107934
1,12,50x50,1000,50,2500000,0.293,2026-10-05 17:11:21.243937016,2026-10-05 17:11:21.536020994,45.7085,18.275095,8532423.208191127,62.37233788395905,136798.19448270995
1,1,100x100,1000,100,10000000,2.555,2026-10-05 17:11:21.537508011,2026-10-05 17:11:24.092411041,25.730833333333337,65.084901,3913894.324853229,25.473542465753425,153645.46686488774
1,2,100x100,1000,100,10000000,1.424,2026-10-05 17:11:24.092489958,2026-10-05 17:11:25.516475916,29.305857142857143,42.705353,7022471.91011236,29.98971418539326,234162.68213495388
1,3,100x100,1000,100,10000000,1.037,2026-10-05 17:11:25.516582966,2026-10-05 17:11:26.553195000,37.2372,38.79058800000001,9643201.542912249,37.40654580520734,257794.4938602116
1,4,100x100,1000,100,10000000,0.891,2026-10-05 17:11:26.553247929,2026-10-05 17:11:27.444123983,39.19125,31.889766999999996,11223344.55667789,35.79098428731761,313580.2152458499
1,5,100x100,1000,100,10000000,0.833,2026-10-05 17:11:27.444179058,2026-10-05 17:11:28.277551889,49.8725,40.91009,12004801.920768308,49.111752701080434,244438.47471369535
1,6,100x100,1000,100,10000000,0.761,2026-10-05 17:11:28.277615070,2026-10-05 17:11:29.038821936,48.29875,39.99998600000001,13140604.46780552,52.56239947437583,250000.08750003058
1,7,100x100,1000,100,10000000,0.773,2026-10-05 17:11:29.038875103,2026-10-05 17:11:29.811463118,47.20025,38.004407,12936610.608020699,49.16482147477361,263127.3788852961
1,8,100x100,1000,100,10000000,0.716,2026-10-05 17:11:29.811517000,2026-10-05 17:11:30.527129889,48.21166666666667,30.082924,13966480.446927374,42.01525698324022,332414.4953462636
1,9,100x100,1000,100,10000000,0.673,2026-10-05 17:11:30.527185916,2026-10-05 17:11:31.200439930,50.315666666666665,30.377015999999998,14858841.010401187,45.1367251114413,329196.25811830896
1,10,100x100,1000,100,10000000,0.624,2026-10-05 17:11:31.200495958,2026-10-05 17:11:31.824174881,51.64033333333333,32.481249000000005,16025641.025641026,52.053283653846165,307869.9344350951
1,11,100x100,1000,100,10000000,0.652,2026-10-05 17:11:31.824229956,2026-10-05 17:11:32.476608992,51.76866666666666,33.088743,15337423.312883435,50.74960582822086,302217.58499559807
1,12,100x100,1000,100,10000000,0.691,2026-10-05 17:11:32.476669073,2026-10-05 17:11:33.167618990,51.32575,43.580693,14471780.028943561,63.06902026049204,229459.40763264138
1,1,150x150,1000,150,22500000,7.83,2026-10-05 17:11:33.170828104,2026-10-05 17:11:41.000561953,25.05868421052631,197.31520899999998,2873563.2183908047,25.19989897828863,114030.74357030432
1,2,150x150,1000,150,22500000,4.207,2026-10-05 17:11:41.000639915,2026-10-05 17:11:45.207701921,30.372900000000005,125.38979799999998,5348229.141906347,29.80503874494889,179440.43581599838
1,3,150x150,1000,150,22500000,2.991,2026-10-05 17:11:45.207773924,2026-10-05 17:11:48.198148966,37.22521428571429,108.130103,7522567.703109328,36.15182313607489,208082.66500957645
1,4,150x150,1000,150,22500000,2.527,2026-10-05 17:11:48.198251963,2026-10-05 17:11:50.725581884,43.39546153846153,116.357899,8903838.54372774,46.045864265927975,193368.90914470705
1,5,150x150,1000,150,22500000,2.078,2026-10-05 17:11:50.725637913,2026-10-05 17:11:52.803683043,46.1774,95.709788,10827718.960538981,46.05860827718961,235085.6737870948
1,6,150x150,1000,150,22500000,1.971,2026-10-05 17:11:52.803739071,2026-10-05 17:11:54.774205923,49.11233333333334,91.572475,11415525.114155252,46.45990613901572,245707.02058669922
1,7,150x150,1000,150,22500000,2.088,2026-10-05 17:11:54.774261951,2026-10-05 17:11:56.862976074,48.791000000000004,102.114665,10775862.068965517,48.90549090038314,220340.53580844632
1,8,150x150,1000,150,22500000,1.858,2026-10-05 17:11:56.863034010,2026-10-05 17:11:58.721610069,51.02233333333333,93.677649,12109795.479009688,50.41854090419806,240185.36161171168
1,9,150x150,1000,150,22500000,1.679,2026-10-05 17:11:58.721671104,2026-10-05 17:12:00.400537968,51.710625,87.136281,13400833.829660513,51.897725431804645,258216.20732241258
1,10,150x150,1000,150,22500000,1.546,2026-10-05 17:12:00.400597095,2026-10-05 17:12:01.946914911,53.868624999999994,89.805511,14553686.934023285,58.088946313065975,250541.41721881635
1,11,150x150,1000,150,22500000,1.541,2026-10-05 17:12:01.946976900,2026-10-05 17:12:03.487725973,55.62642857142857,79.972407,14600908.500973394,51.89643543153797,281347.04011097224
1,12,150x150,1000,150,22500000,1.682,2026-10-05 17:12:03.487781048,2026-10-05 17:12:05.169615984,53.898250000000004,89.47068199999998,13376932.223543402,53.19303329369797,251479.0263921315
1,1,200x200,1000,200,40000000,17.552,2026-10-05 17:12:05.175770044,2026-10-05 17:12:22.727775097,25.78998823529411,453.0039909999999,2278942.5706472197,25.809251994074746,88299.44281881615
1,2,200x200,1000,200,40000000,9.494,2026-10-05 17:12:22.727855921,2026-10-05 17:12:32.221971989,31.474065217391306,299.509906,4213187.276174426,31.54728312618496,133551.5093113481
1,3,200x200,1000,200,40000000,6.838,2026-10-05 17:12:32.222079992,2026-10-05 17:12:39.060374975,37.693272727272735,256.118615,5849663.64434045,37.45519377010822,156177.63667822428
1,4,200x200,1000,200,40000000,5.356,2026-10-05 17:12:39.060480118,2026-10-05 17:12:44.416341066,42.355346153846156,226.917566,7468259.8954443615,42.36698394324122,176275.46736509592
1,5,200x200,1000,200,40000000,4.748,2026-10-05 17:12:44.416393042,2026-10-05 17:12:49.164623022,46.857391304347814,224.11141199999997,8424599.831508003,47.20122409435551,178482.6557605197
1,6,200x200,1000,200,40000000,4.355,2026-10-05 17:12:49.164681911,2026-10-05 17:12:53.519855976,49.60333333333334,214.79385000000002,9184845.005740527,49.321205510907006,186225.07115543575
1,7,200x200,1000,200,40000000,4.509,2026-10-05 17:12:53.519912958,2026-10-05 17:12:58.028059006,47.17172727272726,215.457878,8871146.595697492,47.783960523397646,185651.13687790057
1,8,200x200,1000,200,40000000,3.929,2026-10-05 17:12:58.028114080,2026-10-05 17:13:01.957340956,51.562157894736835,200.141691,10180707.559175363,50.939600661746,199858.40931063183
1,9,200x200,1000,200,40000000,3.621,2026-10-05 17:13:01.957406998,2026-10-05 17:13:05.578550100,52.643,188.08079,11046672.190002762,51.94167080916874,212674.56394669545
1,10,200x200,1000,200,40000000,3.277,2026-10-05 17:13:05.578608036,2026-10-05 17:13:08.855108976,56.05323529411765,194.09982999999997,12206286.237412266,59.230952090326504,206079.5210382204
1,11,200x200,1000,200,40000000,3.174,2026-10-05 17:13:08.855173111,2026-10-05 17:13:12.029103041,57.43506666666667,179.297411,12602394.45494644,56.489417454316325,223093.01499060684
1,12,200x200,1000,200,40000000,3.313,2026-10-05 17:13:12.029159069,2026-10-05 17:13:15.342679024,55.72143750000001,183.0826,12073649.260488981,55.261877452460006,218480.62022278467
2,1,50x50,1000,50,2500000,0.391,2026-10-05 17:13:15.343472004,2026-10-05 17:13:15.734597921,45.309,19.259562,6393861.89258312,49.25719181585677,129805.65186269554
2,2,50x50,1000,50,2500000,0.282,2026-10-05 17:13:15.734668970,2026-10-05 17:13:16.016139029,22.459,4.446882,8865248.226950355,15.76908510638298,562191.6659807928
2,3,50x50,1000,50,2500000,0.227,2026-10-05 17:13:16.016221046,2026-10-05 17:13:16.243014097,30.467,6.0934,11013215.859030837,26.8431718061674,410279.9750549775
2,4,50x50,1000,50,2500000,0.221,2026-10-05 17:13:16.243067980,2026-10-05 17:13:16.464792967,36.934,8.014678,11312217.194570135,36.26551131221719,311927.69066954404
2,5,50x50,1000,50,2500000,0.215,2026-10-05 17:13:16.464849949,2026-10-05 17:13:16.679584980,36.418,7.392854000000001,11627906.976744186,34.38536744186047,338164.3949684384
2,6,50x50,1000,50,2500000,0.228,2026-10-05 17:13:16.679641008,2026-10-05 17:13:16.907644987,38.395,8.101345,10964912.280701755,35.5322149122807,308590.7340077481
2,7,50x50,1000,50,2500000,0.237,2026-10-05 17:13:16.907699108,2026-10-05 17:13:17.144865990,41.054,16.620025,10548523.206751056,70.12668776371308,150420.95303707427
2,8,50x50,1000,50,2500000,0.235,2026-10-05 17:13:17.144920111,2026-10-05 17:13:17.379107952,40.886,8.299858,10638297.872340426,35.31854468085107,301209.97250796336
2,9,50x50,1000,50,2500000,0.235,2026-10-05 17:13:17.379159927,2026-10-05 17:13:17.614512920,43.649,8.555204,10638297.872340426,36.40512340425532,292219.7997850198
2,10,50x50,1000,50,2500000,0.238,2026-10-05 17:13:17.614567041,2026-10-05 17:13:17.852432013,44.883,9.829377,10504201.68067227,41.29990336134453,254339.61887920264
2,11,50x50,1000,50,2500000,0.252,2026-10-05 17:13:17.852489948,2026-10-05 17:13:18.104712963,45.458,8.63702,9920634.92063492,34.27388888888889,289451.68588239927
2,12,50x50,1000,50,2500000,0.268,2026-10-05 17:13:18.104772091,2026-10-05 17:13:18.372577906,44.3885,17.93186,9328358.208955223,66.90992537313433,139416.6583946116
2,1,100x100,1000,100,10000000,2.567,2026-10-05 17:13:18.374234915,2026-10-05 17:13:20.941822052,24.8205,62.421476,3895597.974289053,24.316897545773273,160201.27431783255
2,2,100x100,1000,100,10000000,1.407,2026-10-05 17:13:20.941890001,2026-10-05 17:13:22.348956108,36.34214285714286,53.096415,7107320.540156361,37.73732409381663,188336.6325202935
2,3,100x100,1000,100,10000000,1.034,2026-10-05 17:13:22.349023104,2026-10-05 17:13:23.383846045,35.476200000000006,37.245751,9671179.883945841,36.02103578336557,268487.00137634494
2,4,100x100,1000,100,10000000,0.909,2026-10-05 17:13:23.383900881,2026-10-05 17:13:24.292998075,42.90725,35.631037,11001100.110011,39.1980605060506,280654.1948245851
2,5,100x100,1000,100,10000000,0.828,2026-10-05 17:13:24.293060064,2026-10-05 17:13:25.121130943,48.8705,39.819018,12077294.68599034,48.09060144927536,251136.27864956387
2,6,100x100,1000,100,10000000,0.769,2026-10-05 17:13:25.121192932,2026-10-05 17:13:25.890954971,49.06075,40.112529,13003901.170351105,52.16193628088427,249298.66675820912
2,7,100x100,1000,100,10000000,0.785,2026-10-05 17:13:25.891016006,2026-10-05 17:13:26.676630020,48.543000000000006,31.747121999999997,12738853.503184713,40.44219363057324,314989.18232651136
2,8,100x100,1000,100,10000000,0.719,2026-10-05 17:13:26.676686049,2026-10-05 17:13:27.395569086,49.081,40.019606,13908205.841446454,55.66009179415856,249877.52253233077
2,9,100x100,1000,100,10000000,0.7,2026-10-05 17:13:27.395623922,2026-10-05 17:13:28.095622063,51.91166666666667,32.77933,14285714.285714287,46.82761428571429,305070.2988743211
2,10,100x100,1000,100,10000000,0.634,2026-10-05 17:13:28.095678091,2026-10-05 17:13:28.729269981,51.93333333333334,32.147144,15772870.662460567,50.70527444794952,311069.62410097773
2,11,100x100,1000,100,10000000,0.639,2026-10-05 17:13:28.729326963,2026-10-05 17:13:29.368685961,53.38733333333334,33.972932,15649452.269170579,53.16577777777778,294351.9858692208
2,12,100x100,1000,100,10000000,0.665,2026-10-05 17:13:29.368741035,2026-10-05 17:13:30.033066988,51.298249999999996,41.906051000000005,15037593.984962406,63.016618045112786,238629.0228110494
2,1,150x150,1000,150,22500000,7.956,2026-10-05 17:13:30.036488056,2026-10-05 17:13:37.992204905,26.57721052631579,209.554004,2828054.298642534,26.339115635997988,107370.8904173456
2,2,150x150,1000,150,22500000,4.225,2026-10-05 17:13:37.992290020,2026-10-05 17:13:42.217152119,30.99309523809524,133.765906,5325443.786982249,31.660569467455623,168204.2956446615
2,3,150x150,1000,150,22500000,3.005,2026-10-05 17:13:42.217215061,2026-10-05 17:13:45.222683907,36.92835714285714,105.76065399999999,7487520.798668886,35.1948931780366,212744.5240646867
2,4,150x150,1000,150,22500000,2.452,2026-10-05 17:13:45.222738028,2026-10-05 17:13:47.674921036,41.22325,102.19993000000001,9176182.707993476,41.680232463295276,220156.70656525888
2,5,150x150,1000,150,22500000,2.132,2026-10-05 17:13:47.674976110,2026-10-05 17:13:49.806811094,46.159636363636366,104.11237799999999,10553470.919324577,48.83319793621013,216112.63167958762
2,6,150x150,1000,150,22500000,2.071,2026-10-05 17:13:49.806869030,2026-10-05 17:13:51.877759933,50.0656,103.612928,10864316.755190728,50.03038532110091,217154.36899920442
2,7,150x150,1000,150,22500000,2.073,2026-10-05 17:13:51.877820969,2026-10-05 17:13:53.950969934,47.55630000000001,97.082109,10853835.02170767,46.831697539797396,231762.5794470534
2,8,150x150,1000,150,22500000,1.831,2026-10-05 17:13:53.951276064,2026-10-05 17:13:55.782984972,51.05966666666667,93.659553,12288367.012561442,51.152131622064445,240231.76792227483
2,9,150x150,1000,150,22500000,1.693,2026-10-05 17:13:55.783037901,2026-10-05 17:13:57.476942062,52.480875,85.11576000000001,13290017.720023626,50.27510927347903,264345.8743715617
2,10,150x150,1000,150,22500000,1.609,2026-10-05 17:13:57.476995945,2026-10-05 17:13:59.086466074,53.714875,88.653468,13983840.894965818,55.098488502175265,253797.1780190257
2,11,150x150,1000,150,22500000,1.532,2026-10-05 17:13:59.086522102,2026-10-05 17:14:00.618530035,55.69385714285715,80.853084,14686684.073107049,52.77616449086162,278282.5204292764
2,12,150x150,1000,150,22500000,1.681,2026-10-05 17:14:00.618596077,2026-10-05 17:14:02.299439907,54.02175,90.15082,13384889.946460439,53.62928019036288,249581.7564388211
2,1,200x200,1000,200,40000000,17.678,2026-10-05 17:14:02.305280924,2026-10-05 17:14:19.983582973,24.302220930232565,432.052319,2262699.400384659,24.440113078402533,92581.38017308038
2,2,200x200,1000,200,40000000,9.473,2026-10-05 17:14:19.983660936,2026-10-05 17:14:29.456306934,31.291652173913043,294.618754,4222527.182518737,31.100892431120027,135768.6822611435
2,3,200x200,1000,200,40000000,6.727,2026-10-05 17:14:29.456439972,2026-10-05 17:14:36.183217049,36.717454545454544,251.61439900000002,5946187.007581389,37.40365675635499,158973.41391817562
2,4,200x200,1000,200,40000000,5.311,2026-10-05 17:14:36.183271885,2026-10-05 17:14:41.494432926,41.47256,214.171308,7531538.316701186,40.32598531350028,186766.38049014483
2,5,200x200,1000,200,40000000,4.49,2026-10-05 17:14:41.494491100,2026-10-05 17:14:45.984304905,46.968454545454534,213.44449600000004,8908685.9688196,47.53774966592428,187402.3493208276
2,6,200x200,1000,200,40000000,4.404,2026-10-05 17:14:45.984360933,2026-10-05 17:14:50.388166904,49.73842857142857,214.77483,9082652.134423252,48.76812670299728,186241.5628497995
2,7,200x200,1000,200,40000000,4.528,2026-10-05 17:14:50.388226032,2026-10-05 17:14:54.916973114,47.615818181818184,216.951436,8833922.2614841,47.91330300353357,184373.05941593306
2,8,200x200,1000,200,40000000,3.993,2026-10-05 17:14:54.917035103,2026-10-05 17:14:58.910150051,51.029450000000004,210.49484300000003,10017530.678687703,52.715963686451296,190028.40843944094
2,9,200x200,1000,200,40000000,3.58,2026-10-05 17:14:58.910211086,2026-10-05 17:15:02.490073919,53.66458823529412,186.96751899999998,11173184.3575419,52.22556396648044,213940.90382083962
2,10,200x200,1000,200,40000000,3.34,2026-10-05 17:15:02.490133047,2026-10-05 17:15:05.830076933,56.330125,187.59920599999998,11976047.904191617,56.16742694610778,213220.51864121432
2,11,200x200,1000,200,40000000,3.183,2026-10-05 17:15:05.830131054,2026-10-05 17:15:09.013539076,56.91706666666667,177.997818,12566760.917373547,55.92140056550424,224721.8558600533
2,12,200x200,1000,200,40000000,3.442,2026-10-05 17:15:09.013595104,2026-10-05 17:15:12.455354929,54.884764705882354,192.75951600000002,11621150.493898895,56.00218361417781,207512.45297793753
3,1,50x50,1000,50,2500000,0.394,2026-10-05 17:15:12.456074953,2026-10-05 17:15:12.850508928,46.3995,20.083504,6345177.664974619,50.97336040609137,124480.26997679289
3,2,50x50,1000,50,2500000,0.275,2026-10-05 17:15:12.850590944,2026-10-05 17:15:13.125216960,22.547,4.802511,9090909.09090909,17.463676363636363,520561.01485243865
3,3,50x50,1000,50,2500000,0.226,2026-10-05 17:15:13.125283003,2026-10-05 17:15:13.351641893,27.861,5.600061,11061946.902654868,24.779030973451327,446423.7085988885
3,4,50x50,1000,50,2500000,0.217,2026-10-05 17:15:13.351694107,2026-10-05 17:15:13.568815947,35.294,7.023505999999999,11520737.32718894,32.36638709677419,355947.585151917
3,5,50x50,1000,50,2500000,0.222,2026-10-05 17:15:13.568871975,2026-10-05 17:15:13.790944099,37.5955,15.0382,11261261.261261262,67.73963963963963,166243.3003949941
3,6,50x50,1000,50,2500000,0.243,2026-10-05 17:15:13.791028023,2026-10-05 17:15:14.034849882,41.757,9.144783,10288065.8436214,37.632851851851854,273379.9150838243
3,7,50x50,1000,50,2500000,0.233,2026-10-05 17:15:14.034909964,2026-10-05 17:15:14.267579079,44.495,8.63203,10729613.733905578,37.04733905579399,289619.0119821178
3,8,50x50,1000,50,2500000,0.235,2026-10-05 17:15:14.267635106,2026-10-05 17:15:14.502188921,41.863,8.414463,10638297.872340426,35.80622553191489,297107.492183399
3,9,50x50,1000,50,2500000,0.239,2026-10-05 17:15:14.502243042,2026-10-05 17:15:14.741085052,42.581,8.686524,10460251.046025105,36.345288702928876,287802.1173947139
3,10,50x50,1000,50,2500000,0.242,2026-10-05 17:15:14.741139889,2026-10-05 17:15:14.983983040,44.017,9.551689,10330578.512396695,39.46978925619835,261733.81482583866
3,11,50x50,1000,50,2500000,0.247,2026-10-05 17:15:14.984045029,2026-10-05 17:15:15.231373072,44.732,9.483184,10121457.489878543,38.39345748987854,263624.5379189099
3,12,50x50,1000,50,2500000,0.266,2026-10-05 17:15:15.231427908,2026-10-05 17:15:15.497006893,44.8515,18.920025,9398496.240601502,71.12791353383457,132135.13195674954
3,1,100x100,1000,100,10000000,2.546,2026-10-05 17:15:15.498511076,2026-10-05 17:15:18.044147015,26.541749999999997,66.18808100000001,3927729.7721916735,25.996889630793408,151084.60388812298
3,2,100x100,1000,100,10000000,1.424,2026-10-05 17:15:18.044234037,2026-10-05 17:15:19.468265057,35.35214285714286,50.361346000000005,7022471.91011236,35.36611376404495,198564.9867261292
3,3,100x100,1000,100,10000000,1.032,2026-10-05 17:15:19.468327045,2026-10-05 17:15:20.500081062,36.1676,37.388138,9689922.480620155,36.22881589147286,267464.50973300677
3,4,100x100,1000,100,10000000,0.874,2026-10-05 17:15:20.500137091,2026-10-05 17:15:21.374470949,40.770250000000004,34.727559,11441647.597254004,39.734049199084666,287955.74143290636
3,5,100x100,1000,100,10000000,0.771,2026-10-05 17:15:21.374525070,2026-10-05 17:15:22.145390034,44.4025,36.280903,12970168.612191958,47.05694293125811,275627.09781506815
3,6,100x100,1000,100,10000000,0.766,2026-10-05 17:15:22.145447969,2026-10-05 17:15:22.911642075,48.504000000000005,39.709129000000004,13054830.287206266,51.83959399477807,251831.260262596
3,7,100x100,1000,100,10000000,0.807,2026-10-05 17:15:22.911696911,2026-10-05 17:15:23.718847036,45.90425,37.134256,12391573.729863692,46.01518711276332,269293.12923355727
3,8,100x100,1000,100,10000000,0.714,2026-10-05 17:15:23.718930960,2026-10-05 17:15:24.432694912,48.314,30.098418000000002,14005602.24089636,42.154647058823535,332243.3757149628
3,9,100x100,1000,100,10000000,0.679,2026-10-05 17:15:24.432751894,2026-10-05 17:15:25.111046076,50.184,32.242828,14727540.500736376,47.48575552282769,310146.49211291265
3,10,100x100,1000,100,10000000,0.624,2026-10-05 17:15:25.111103058,2026-10-05 17:15:25.735565901,51.96233333333333,31.697868,16025641.025641026,50.797865384615385,315478.6309287426
3,11,100x100,1000,100,10000000,0.628,2026-10-05 17:15:25.735622883,2026-10-05 17:15:26.363513947,51.785333333333334,33.710044999999994,15923566.878980892,53.67841560509553,296647.48296835565
3,12,100x100,1000,100,10000000,0.651,2026-10-05 17:15:26.363571882,2026-10-05 17:15:27.014573097,51.43266666666667,31.733798,15360983.102918586,48.74623348694316,315121.436141996
3,1,150x150,1000,150,22500000,7.808,2026-10-05 17:15:27.018258095,2026-10-05 17:15:34.826512098,25.89421052631579,204.01384399999998,2881659.8360655736,26.128822233606556,110286.63329337593
3,2,150x150,1000,150,22500000,4.215,2026-10-05 17:15:34.826586008,2026-10-05 17:15:39.041557074,32.015150000000006,132.74479499999998,5338078.291814947,31.493427046263342,169498.17128423005
3,3,150x150,1000,150,22500000,3.05,2026-10-05 17:15:39.041974068,2026-10-05 17:15:42.092190027,36.28946666666668,112.769005,7377049.180327869,36.97344426229509,199522.9096860436
3,4,150x150,1000,150,22500000,2.519,2026-10-05 17:15:42.092246056,2026-10-05 17:15:44.611928940,41.16266666666667,102.56978,8932115.919015482,40.718451766574034,219362.8571690414
3,5,150x150,1000,150,22500000,2.125,2026-10-05 17:15:44.611983061,2026-10-05 17:15:46.736812115,44.8729,92.294474,10588235.294117646,43.43269364705882,243784.9095927455
3,6,150x150,1000,150,22500000,1.964,2026-10-05 17:15:46.736870050,2026-10-05 17:15:48.700747013,49.47189999999999,100.395665,11456211.812627291,51.117955702647656,224113.26226087552
3,7,150x150,1000,150,22500000,2.063,2026-10-05 17:15:48.700803995,2026-10-05 17:15:50.763070107,48.0998,99.447492,10906446.921958312,48.20527968977217,226250.04962417757
3,8,150x150,1000,150,22500000,1.904,2026-10-05 17:15:50.763133049,2026-10-05 17:15:52.667272091,49.99211111111111,92.27453299999999,11817226.890756303,48.46351523109244,243837.5927624581
3,9,150x150,1000,150,22500000,1.751,2026-10-05 17:15:52.667329073,2026-10-05 17:15:54.418131113,52.08544444444445,97.070436,12849800.114220446,55.4371422044546,231790.4495659214
3,10,150x150,1000,150,22500000,1.556,2026-10-05 17:15:54.418189049,2026-10-05 17:15:55.974829912,53.550142857142866,78.461319,14460154.241645243,50.425012210796915,286765.50798234734
3,11,150x150,1000,150,22500000,1.534,2026-10-05 17:15:55.974885941,2026-10-05 17:15:57.508213997,54.02525,87.591668,14667535.853976531,57.100174706649284,256873.7473979831
3,12,150x150,1000,150,22500000,1.59,2026-10-05 17:15:57.508270978,2026-10-05 17:15:59.098519087,54.234624999999994,89.871074,14150943.396226414,56.52268805031446,250358.6415357627
3,1,200x200,1000,200,40000000,17.705,2026-10-05 17:15:59.104209900,2026-10-05 17:16:16.809214115,23.520500000000002,415.70516000000003,2259248.7997740754,23.47953459474725,96222.04352719605
3,2,200x200,1000,200,40000000,9.422,2026-10-05 17:16:16.809501886,2026-10-05 17:16:26.231755972,30.98346666666667,288.763828,4245383.145828911,30.647827212905963,138521.50484720684
3,3,200x200,1000,200,40000000,6.75,2026-10-05 17:16:26.231877089,2026-10-05 17:16:32.981151104,37.05681818181818,251.721541,5925925.925925926,37.29208014814815,158905.74895217252
3,4,200x200,1000,200,40000000,5.324,2026-10-05 17:16:32.981208086,2026-10-05 17:16:38.305738926,42.11015384615385,226.24170999999998,7513148.009015778,42.49468632607062,176802.05829420226
3,5,200x200,1000,200,40000000,4.513,2026-10-05 17:16:38.305814028,2026-10-05 17:16:42.818913937,47.659454545454544,217.333365,8863283.84666519,48.15718258364724,184049.05293763801
3,6,200x200,1000,200,40000000,4.372,2026-10-05 17:16:42.818975925,2026-10-05 17:16:47.190845966,49.21128571428571,212.50438499999998,9149130.832570907,48.60576052150046,188231.40990714147
3,7,200x200,1000,200,40000000,4.423,2026-10-05 17:16:47.190917015,2026-10-05 17:16:51.613323927,48.18114285714286,207.88342399999996,9043635.541487679,47.0005480443138,192415.53381379752
3,8,200x200,1000,200,40000000,3.996,2026-10-05 17:16:51.613380909,2026-10-05 17:16:55.609149933,50.7624,210.02306000000002,10010010.01001001,52.55832332332333,190455.276672952
3,9,200x200,1000,200,40000000,3.617,2026-10-05 17:16:55.609206915,2026-10-05 17:16:59.226619959,52.706941176470586,185.980494,11058888.581697538,51.418439037876695,215076.31870254094
3,10,200x200,1000,200,40000000,3.254,2026-10-05 17:16:59.226675987,2026-10-05 17:17:02.480616093,55.987625,186.81995899999998,12292562.999385372,57.4124028887523,214109.88533618083
3,11,200x200,1000,200,40000000,3.162,2026-10-05 17:17:02.480674028,2026-10-05 17:17:05.642960072,57.550933333333326,177.82655900000003,12650221.37887413,56.23863345983556,224938.27820173922
3,12,200x200,1000,200,40000000,3.393,2026-10-05 17:17:05.643014908,2026-10-05 17:17:09.036267042,54.96723529411764,190.204243,11788977.306218686,56.05783760683761,210300.2507678023
4,1,50x50,1000,50,2500000,0.399,2026-10-05 17:17:09.036995888,2026-10-05 17:17:09.436335087,36.627,14.618748,6265664.1604010025,36.63846616541353,171013.27692357785
4,2,50x50,1000,50,2500000,0.284,2026-10-05 17:17:09.436415911,2026-10-05 17:17:09.720104933,31.709,7.039398,8802816.90140845,24.78661267605634,355144.0052118093
4,3,50x50,1000,50,2500000,0.223,2026-10-05 17:17:09.720513105,2026-10-05 17:17:09.943588972,31.834,6.907978,11210762.331838565,30.977479820627803,361900.39979860967
4,4,50x50,1000,50,2500000,0.227,2026-10-05 17:17:09.943643093,2026-10-05 17:17:10.170001984,35.332,7.1370640000000005,11013215.859030837,31.440810572687226,350284.0944119318
4,5,50x50,1000,50,2500000,0.218,2026-10-05 17:17:10.170054913,2026-10-05 17:17:10.388390064,37.318,7.4636,11467889.908256881,34.23669724770642,334959.0010182754
4,6,50x50,1000,50,2500000,0.223,2026-10-05 17:17:10.388444901,2026-10-05 17:17:10.611830950,38.694,7.622718000000001,11210762.331838565,34.18259192825112,327967.0059944497
4,7,50x50,1000,50,2500000,0.242,2026-10-05 17:17:10.611896038,2026-10-05 17:17:10.853101969,40.157,8.754226,10330578.512396695,36.174487603305785,285576.36049149296
4,8,50x50,1000,50,2500000,0.234,2026-10-05 17:17:10.853161097,2026-10-05 17:17:11.087122917,41.665000000000006,17.913016,10683760.683760684,76.55135042735041,139563.3208835408
4,9,50x50,1000,50,2500000,0.234,2026-10-05 17:17:11.087176085,2026-10-05 17:17:11.321872950,43.75,9.1,10683760.683760684,38.888888888888886,274725.27472527476
4,10,50x50,1000,50,2500000,0.237,2026-10-05 17:17:11.321927071,2026-10-05 17:17:11.558262110,44.164,9.362768,10548523.206751056,39.50535021097047,267015.0536678896
4,11,50x50,1000,50,2500000,0.247,2026-10-05 17:17:11.558316946,2026-10-05 17:17:11.805555105,44.864,9.241984,10121457.489878543,37.41693927125506,270504.6881708516
4,12,50x50,1000,50,2500000,0.271,2026-10-05 17:17:11.805605888,2026-10-05 17:17:12.076706886,44.908,8.667244,9225092.250922509,31.982450184501843,288442.3237652015
4,1,100x100,1000,100,10000000,2.542,2026-10-05 17:17:12.078303099,2026-10-05 17:17:14.620172977,27.488692307692308,73.52748100000001,3933910.306845004,28.925051534225027,136003.57123617493
4,2,100x100,1000,100,10000000,1.427,2026-10-05 17:17:14.620238066,2026-10-05 17:17:16.047424078,34.11085714285714,48.831835,7007708.47932726,34.21992641906096,204784.44031439736
4,3,100x100,1000,100,10000000,1.055,2026-10-05 17:17:16.047488928,2026-10-05 17:17:17.102840900,35.867599999999996,36.788029,9478672.985781992,34.87016966824645,271827.55564316857
4,4,100x100,1000,100,10000000,0.906,2026-10-05 17:17:17.102891922,2026-10-05 17:17:18.008810997,41.00675,33.116794999999996,11037527.593818985,36.552753863134654,301961.5877683816
4,5,100x100,1000,100,10000000,0.842,2026-10-05 17:17:18.008872032,2026-10-05 17:17:18.850524902,49.3644,50.140818,11876484.560570072,59.549665083135395,199438.30992146957
4,6,100x100,1000,100,10000000,0.777,2026-10-05 17:17:18.850579977,2026-10-05 17:17:19.627166033,48.95666666666667,29.918191999999998,12870012.87001287,38.504751608751604,334244.79661070433
4,7,100x100,1000,100,10000000,0.779,2026-10-05 17:17:19.627227068,2026-10-05 17:17:20.406997919,47.201,38.76829,12836970.474967906,49.76673940949936,257942.76714294078
4,8,100x100,1000,100,10000000,0.707,2026-10-05 17:17:20.407052994,2026-10-05 17:17:21.114137888,48.00475,38.605344,14144271.570014145,54.60444695898162,259031.49574317998
4,9,100x100,1000,100,10000000,0.661,2026-10-05 17:17:21.114192009,2026-10-05 17:17:21.775394917,51.284333333333336,32.262577,15128593.0408472,48.808739788199695,309956.6410953471
4,10,100x100,1000,100,10000000,0.626,2026-10-05 17:17:21.775449991,2026-10-05 17:17:22.401650906,52.02166666666667,31.898108999999998,15974440.89456869,50.95544568690096,313498.20768372196
4,11,100x100,1000,100,10000000,0.629,2026-10-05 17:17:22.401705980,2026-10-05 17:17:23.030483007,51.87,31.378269999999997,15898251.192368839,49.88596184419713,318691.88454302936
4,12,100x100,1000,100,10000000,0.686,2026-10-05 17:17:23.030535936,2026-10-05 17:17:23.716342926,51.32833333333334,31.49909,14577259.475218657,45.91704081632653,317469.48880110506
4,1,150x150,1000,150,22500000,7.821,2026-10-05 17:17:23.719685078,2026-10-05 17:17:31.540967941,26.043605263157897,204.65570900000003,2876869.9654775606,26.167460554916257,109940.7395471191
4,2,150x150,1000,150,22500000,4.243,2026-10-05 17:17:31.541207075,2026-10-05 17:17:35.784261942,31.919857142857147,138.523011,5302851.755833137,32.64742187131746,162427.88716165
4,3,150x150,1000,150,22500000,3.008,2026-10-05 17:17:35.784332037,2026-10-05 17:17:38.792366028,36.466071428571425,104.91510999999998,7480053.191489361,34.87869348404255,214459.09936137896
4,4,150x150,1000,150,22500000,2.449,2026-10-05 17:17:38.792469978,2026-10-05 17:17:41.241203070,41.836499999999994,105.652083,9187423.438138016,43.140907717435695,212963.14621643568
4,5,150x150,1000,150,22500000,2.05,2026-10-05 17:17:41.241257906,2026-10-05 17:17:43.291436911,45.95890000000001,93.97664900000001,10975609.756097563,45.842267804878055,239421.17791410076
4,6,150x150,1000,150,22500000,1.949,2026-10-05 17:17:43.291491032,2026-10-05 17:17:45.240411997,49.20388888888888,92.690995,11544381.734222678,47.55823242688558,242742.02688189936
4,7,150x150,1000,150,22500000,2.123,2026-10-05 17:17:45.240467072,2026-10-05 17:17:47.363341093,47.60179999999999,98.441551,10598210.080075365,46.36907724917569,228562.02255488638
4,8,150x150,1000,150,22500000,1.903,2026-10-05 17:17:47.363395929,2026-10-05 17:17:49.266422987,52.82199999999999,109.612624,11823436.678928008,57.59990751445086,205268.32748753464
4,9,150x150,1000,150,22500000,1.711,2026-10-05 17:17:49.266483068,2026-10-05 17:17:50.977535963,51.816875,84.687114,13150204.55873758,49.495683226183516,265683.8677959908
4,10,150x150,1000,150,22500000,1.574,2026-10-05 17:17:50.977595091,2026-10-05 17:17:52.551739931,53.609125000000006,88.46256500000001,14294790.343074968,56.20239199491741,254344.87458056406
4,11,150x150,1000,150,22500000,1.525,2026-10-05 17:17:52.551799059,2026-10-05 17:17:54.076770067,55.130142857142864,79.949612,14754098.360655738,52.425975081967216,281427.2569577949
4,12,150x150,1000,150,22500000,1.641,2026-10-05 17:17:54.076823950,2026-10-05 17:17:55.717725039,53.81125,88.141648,13711151.736745887,53.71215600243754,255270.924818651
4,1,200x200,1000,200,40000000,17.532,2026-10-05 17:17:55.723402023,2026-10-05 17:18:13.255548000,24.086809523809524,421.321372,2281542.3226100844,24.031563540953684,94939.40411833653
4,2,200x200,1000,200,40000000,9.439,2026-10-05 17:18:13.255625010,2026-10-05 17:18:22.694828987,31.132108695652175,296.63132999999993,4237737.048416146,31.426139421548886,134847.5226807634
4,3,200x200,1000,200,40000000,6.681,2026-10-05 17:18:22.694890022,2026-10-05 17:18:29.375907898,37.08396875,243.68442,5987127.67549768,36.474243376740006,164146.72714816977
4,4,200x200,1000,200,40000000,5.449,2026-10-05 17:18:29.375969887,2026-10-05 17:18:34.824079037,44.28688888888889,245.994968,7340796.476417691,45.14497485777207,162604.95214682602
4,5,200x200,1000,200,40000000,4.558,2026-10-05 17:18:34.824136972,2026-10-05 17:18:39.382580042,46.73090909090909,213.52482699999996,8775778.85037297,46.84616652040368,187331.84595906502
4,6,200x200,1000,200,40000000,4.539,2026-10-05 17:18:39.382633924,2026-10-05 17:18:43.921298027,49.10013636363636,222.174387,8812513.769552765,48.94787111698612,180038.75487231568
4,7,200x200,1000,200,40000000,4.468,2026-10-05 17:18:43.921355009,2026-10-05 17:18:48.389781952,47.51863636363637,214.478885,8952551.477170995,48.00333146821844,186498.54506656915
4,8,200x200,1000,200,40000000,3.936,2026-10-05 17:18:48.389838934,2026-10-05 17:18:52.325921059,50.97463157894737,198.94300700000002,10162601.626016261,50.544463160569116,201062.60885058402
4,9,200x200,1000,200,40000000,3.676,2026-10-05 17:18:52.325977087,2026-10-05 17:18:56.001008034,53.238833333333325,198.39325,10881392.81828074,53.96987214363438,201619.76276914665
4,10,200x200,1000,200,40000000,3.337,2026-10-05 17:18:56.001065969,2026-10-05 17:18:59.338923931,56.700375,186.93834999999999,11986814.50404555,56.019883128558575,213974.28617509463
4,11,200x200,1000,200,40000000,3.298,2026-10-05 17:18:59.338980913,2026-10-05 17:19:02.636874914,58.05213333333334,182.090403,12128562.76531231,55.212372043662825,219671.1047973242
4,12,200x200,1000,200,40000000,3.432,2026-10-05 17:19:02.636933088,2026-10-05 17:19:06.068259954,54.898999999999994,192.59858,11655011.655011656,56.11846736596737,207685.85105871496
