threads,matriz,tempo_total,inicio,fim
1,50x50,2.440000,1790530874.227786,1790530876.668777
2,50x50,1.309000,1790530876.668951,1790530877.978606
3,50x50,0.938000,1790530877.978686,1790530878.916527
4,50x50,0.780000,1790530878.916602,1790530879.696429
5,50x50,0.659000,1790530879.696500,1790530880.355043
6,50x50,0.629000,1790530880.355115,1790530880.984821
7,50x50,0.721000,1790530880.984880,1790530881.705127
8,50x50,0.640000,1790530881.705191,1790530882.345427
9,50x50,0.594000,1790530882.345490,1790530882.939345
10,50x50,0.551000,1790530882.939404,1790530883.490796
11,50x50,0.564000,1790530883.490851,1790530884.054283
12,50x50,0.643000,1790530884.054343,1790530884.697838
1,100x100,19.172000,1790530884.699434,1790530903.871003
2,100x100,9.755000,1790530903.871425,1790530913.626704
3,100x100,6.796000,1790530913.626824,1790530920.422143
4,100x100,5.287000,1790530920.422274,1790530925.709325
5,100x100,4.374000,1790530925.709400,1790530930.083975
6,100x100,4.141000,1790530930.084039,1790530934.225859
7,100x100,4.300000,1790530934.225923,1790530938.526089
8,100x100,3.834000,1790530938.526149,1790530942.360805
9,100x100,3.493000,1790530942.360865,1790530945.853737
10,100x100,3.113000,1790530945.853797,1790530948.966334
11,100x100,3.104000,1790530948.966463,1790530952.070583
12,100x100,3.281000,1790530952.070647,1790530955.351951
1,150x150,63.618000,1790530955.355302,1790531018.973350
2,150x150,32.482000,1790531018.973434,1790531051.455567
3,150x150,22.425000,1790531051.455644,1790531073.880614
4,150x150,17.469000,1790531073.880744,1790531091.349387
5,150x150,14.629000,1790531091.349459,1790531105.978133
6,150x150,13.790000,1790531105.978210,1790531119.768045
7,150x150,13.833000,1790531119.768108,1790531133.601694
8,150x150,12.270000,1790531133.601759,1790531145.871324
9,150x150,11.075000,1790531145.871397,1790531156.946444
10,150x150,10.000000,1790531156.946502,1790531166.946292
11,150x150,9.410000,1790531166.946360,1790531176.356339
12,150x150,10.025000,1790531176.356400,1790531186.381410
1,200x200,150.202000,1790531186.387149,1790531336.589580
2,200x200,76.435000,1790531336.589656,1790531413.024197
3,200x200,53.068000,1790531413.024271,1790531466.092185
4,200x200,40.953000,1790531466.092258,1790531507.045758
5,200x200,34.635000,1790531507.045832,1790531541.680308
6,200x200,32.279000,1790531541.680385,1790531573.959448
7,200x200,31.610000,1790531573.959510,1790531605.569820
8,200x200,28.221000,1790531605.569891,1790531633.791369
9,200x200,25.729000,1790531633.791510,1790531659.520881
10,200x200,23.240000,1790531659.520953,1790531682.761776
11,200x200,21.858000,1790531682.761839,1790531704.619413
12,200x200,23.120000,1790531704.619479,1790531727.739756
