amostragem,threads,matriz,num_formigas,num_iteracoes,num_vertices_percorrido,tempo_total,inicio,fim
0,1,50x50,50,1000, 2500000,0.375000,1791230961.798715,1791230962.174321
0,2,50x50,50,1000, 2500000,0.275000,1791230962.174424,1791230962.449391
0,3,50x50,50,1000, 2500000,0.219000,1791230962.449826,1791230962.668037
0,4,50x50,50,1000, 2500000,0.235000,1791230962.668092,1791230962.903165
0,5,50x50,50,1000, 2500000,0.225000,1791230962.903223,1791230963.128250
0,6,50x50,50,1000, 2500000,0.242000,1791230963.128310,1791230963.370838
0,7,50x50,50,1000, 2500000,0.243000,1791230963.370893,1791230963.613872
0,8,50x50,50,1000, 2500000,0.236000,1791230963.613938,1791230963.849342
0,9,50x50,50,1000, 2500000,0.244000,1791230963.849402,1791230964.093334
0,10,50x50,50,1000, 2500000,0.240000,1791230964.093411,1791230964.333278
0,11,50x50,50,1000, 2500000,0.254000,1791230964.333336,1791230964.587819
0,12,50x50,50,1000, 2500000,0.269000,1791230964.587875,1791230964.856505
0,1,100x100,100,1000, 10000000,2.530000,1791230964.858099,1791230967.388690
0,2,100x100,100,1000, 10000000,1.410000,1791230967.388760,1791230968.798893
0,3,100x100,100,1000, 10000000,1.062000,1791230968.798962,1791230969.860666
0,4,100x100,100,1000, 10000000,0.886000,1791230969.860719,1791230970.746944
0,5,100x100,100,1000, 10000000,0.806000,1791230970.747007,1791230971.553418
0,6,100x100,100,1000, 10000000,0.749000,1791230971.553471,1791230972.302253
0,7,100x100,100,1000, 10000000,0.766000,1791230972.302307,1791230973.068898
0,8,100x100,100,1000, 10000000,0.706000,1791230973.068953,1791230973.774459
0,9,100x100,100,1000, 10000000,0.668000,1791230973.774512,1791230974.442942
0,10,100x100,100,1000, 10000000,0.664000,1791230974.442996,1791230975.107622
0,11,100x100,100,1000, 10000000,0.679000,1791230975.107677,1791230975.786405
0,12,100x100,100,1000, 10000000,0.682000,1791230975.786466,1791230976.468912
0,1,150x150,150,1000, 22500000,7.772000,1791230976.472285,1791230984.244221
0,2,150x150,150,1000, 22500000,4.207000,1791230984.244301,1791230988.451972
0,3,150x150,150,1000, 22500000,2.998000,1791230988.452038,1791230991.450096
0,4,150x150,150,1000, 22500000,2.428000,1791230991.450213,1791230993.878558
0,5,150x150,150,1000, 22500000,2.155000,1791230993.878621,1791230996.033087
0,6,150x150,150,1000, 22500000,2.033000,1791230996.033153,1791230998.066317
0,7,150x150,150,1000, 22500000,2.066000,1791230998.066377,1791231000.132777
0,8,150x150,150,1000, 22500000,1.858000,1791231000.132836,1791231001.990486
0,9,150x150,150,1000, 22500000,1.688000,1791231001.990542,1791231003.678159
0,10,150x150,150,1000, 22500000,1.566000,1791231003.678218,1791231005.244221
0,11,150x150,150,1000, 22500000,1.511000,1791231005.244277,1791231006.755908
0,12,150x150,150,1000, 22500000,1.625000,1791231006.755966,1791231008.380946
0,1,200x200,200,1000, 40000000,17.620000,1791231008.386656,1791231026.006885
0,2,200x200,200,1000, 40000000,9.490000,1791231026.007217,1791231035.497747
0,3,200x200,200,1000, 40000000,6.680000,1791231035.497812,1791231042.177960
0,4,200x200,200,1000, 40000000,5.313000,1791231042.178014,1791231047.491503
0,5,200x200,200,1000, 40000000,4.656000,1791231047.491560,1791231052.147525
0,6,200x200,200,1000, 40000000,4.298000,1791231052.147598,1791231056.445582
0,7,200x200,200,1000, 40000000,4.523000,1791231056.445636,1791231060.968982
0,8,200x200,200,1000, 40000000,4.010000,1791231060.969039,1791231064.979349
0,9,200x200,200,1000, 40000000,3.624000,1791231064.979412,1791231068.603772
0,10,200x200,200,1000, 40000000,3.278000,1791231068.603827,1791231071.881816
0,11,200x200,200,1000, 40000000,3.115000,1791231071.881872,1791231074.996679
0,12,200x200,200,1000, 40000000,3.360000,1791231074.996735,1791231078.356340
1,1,50x50,50,1000, 2500000,0.405000,1791231078.357122,1791231078.762777
1,2,50x50,50,1000, 2500000,0.284000,1791231078.762844,1791231079.046372
1,3,50x50,50,1000, 2500000,0.249000,1791231079.046429,1791231079.295367
1,4,50x50,50,1000, 2500000,0.224000,1791231079.295422,1791231079.519744
1,5,50x50,50,1000, 2500000,0.227000,1791231079.519796,1791231079.746970
1,6,50x50,50,1000, 2500000,0.251000,1791231079.747030,1791231079.998129
1,7,50x50,50,1000, 2500000,0.237000,1791231079.998353,1791231080.235483
1,8,50x50,50,1000, 2500000,0.246000,1791231080.235539,1791231080.481592
1,9,50x50,50,1000, 2500000,0.259000,1791231080.481655,1791231080.740332
1,10,50x50,50,1000, 2500000,0.252000,1791231080.740443,1791231080.992345
1,11,50x50,50,1000, 2500000,0.251000,1791231080.992401,1791231081.243882
1,12,50x50,50,1000, 2500000,0.293000,1791231081.243937,1791231081.536021
1,1,100x100,100,1000, 10000000,2.555000,1791231081.537508,1791231084.092411
1,2,100x100,100,1000, 10000000,1.424000,1791231084.092490,1791231085.516476
1,3,100x100,100,1000, 10000000,1.037000,1791231085.516583,1791231086.553195
1,4,100x100,100,1000, 10000000,0.891000,1791231086.553248,1791231087.444124
1,5,100x100,100,1000, 10000000,0.833000,1791231087.444179,1791231088.277552
1,6,100x100,100,1000, 10000000,0.761000,1791231088.277615,1791231089.038822
1,7,100x100,100,1000, 10000000,0.773000,1791231089.038875,1791231089.811463
1,8,100x100,100,1000, 10000000,0.716000,1791231089.811517,1791231090.527130
1,9,100x100,100,1000, 10000000,0.673000,1791231090.527186,1791231091.200440
1,10,100x100,100,1000, 10000000,0.624000,1791231091.200496,1791231091.824175
1,11,100x100,100,1000, 10000000,0.652000,1791231091.824230,1791231092.476609
1,12,100x100,100,1000, 10000000,0.691000,1791231092.476669,1791231093.167619
1,1,150x150,150,1000, 22500000,7.830000,1791231093.170828,1791231101.000562
1,2,150x150,150,1000, 22500000,4.207000,1791231101.000640,1791231105.207702
1,3,150x150,150,1000, 22500000,2.991000,1791231105.207774,1791231108.198149
1,4,150x150,150,1000, 22500000,2.527000,1791231108.198252,1791231110.725582
1,5,150x150,150,1000, 22500000,2.078000,1791231110.725638,1791231112.803683
1,6,150x150,150,1000, 22500000,1.971000,1791231112.803739,1791231114.774206
1,7,150x150,150,1000, 22500000,2.088000,1791231114.774262,1791231116.862976
1,8,150x150,150,1000, 22500000,1.858000,1791231116.863034,1791231118.721610
1,9,150x150,150,1000, 22500000,1.679000,1791231118.721671,1791231120.400538
1,10,150x150,150,1000, 22500000,1.546000,1791231120.400597,1791231121.946915
1,11,150x150,150,1000, 22500000,1.541000,1791231121.946977,1791231123.487726
1,12,150x150,150,1000, 22500000,1.682000,1791231123.487781,1791231125.169616
1,1,200x200,200,1000, 40000000,17.552000,1791231125.175770,1791231142.727775
1,2,200x200,200,1000, 40000000,9.494000,1791231142.727856,1791231152.221972
1,3,200x200,200,1000, 40000000,6.838000,1791231152.222080,1791231159.060375
1,4,200x200,200,1000, 40000000,5.356000,1791231159.060480,1791231164.416341
1,5,200x200,200,1000, 40000000,4.748000,1791231164.416393,1791231169.164623
1,6,200x200,200,1000, 40000000,4.355000,1791231169.164682,1791231173.519856
1,7,200x200,200,1000, 40000000,4.509000,1791231173.519913,1791231178.028059
1,8,200x200,200,1000, 40000000,3.929000,1791231178.028114,1791231181.957341
1,9,200x200,200,1000, 40000000,3.621000,1791231181.957407,1791231185.578550
1,10,200x200,200,1000, 40000000,3.277000,1791231185.578608,1791231188.855109
1,11,200x200,200,1000, 40000000,3.174000,1791231188.855173,1791231192.029103
1,12,200x200,200,1000, 40000000,3.313000,1791231192.029159,1791231195.342679
2,1,50x50,50,1000, 2500000,0.391000,1791231195.343472,1791231195.734598
2,2,50x50,50,1000, 2500000,0.282000,1791231195.734669,1791231196.016139
2,3,50x50,50,1000, 2500000,0.227000,1791231196.016221,1791231196.243014
2,4,50x50,50,1000, 2500000,0.221000,1791231196.243068,1791231196.464793
2,5,50x50,50,1000, 2500000,0.215000,1791231196.464850,1791231196.679585
2,6,50x50,50,1000, 2500000,0.228000,1791231196.679641,1791231196.907645
2,7,50x50,50,1000, 2500000,0.237000,1791231196.907699,1791231197.144866
2,8,50x50,50,1000, 2500000,0.235000,1791231197.144920,1791231197.379108
2,9,50x50,50,1000, 2500000,0.235000,1791231197.379160,1791231197.614513
2,10,50x50,50,1000, 2500000,0.238000,1791231197.614567,1791231197.852432
2,11,50x50,50,1000, 2500000,0.252000,1791231197.852490,1791231198.104713
2,12,50x50,50,1000, 2500000,0.268000,1791231198.104772,1791231198.372578
2,1,100x100,100,1000, 10000000,2.567000,1791231198.374235,1791231200.941822
2,2,100x100,100,1000, 10000000,1.407000,1791231200.941890,1791231202.348956
2,3,100x100,100,1000, 10000000,1.034000,1791231202.349023,1791231203.383846
2,4,100x100,100,1000, 10000000,0.909000,1791231203.383901,1791231204.292998
2,5,100x100,100,1000, 10000000,0.828000,1791231204.293060,1791231205.121131
2,6,100x100,100,1000, 10000000,0.769000,1791231205.121193,1791231205.890955
2,7,100x100,100,1000, 10000000,0.785000,1791231205.891016,1791231206.676630
2,8,100x100,100,1000, 10000000,0.719000,1791231206.676686,1791231207.395569
2,9,100x100,100,1000, 10000000,0.700000,1791231207.395624,1791231208.095622
2,10,100x100,100,1000, 10000000,0.634000,1791231208.095678,1791231208.729270
2,11,100x100,100,1000, 10000000,0.639000,1791231208.729327,1791231209.368686
2,12,100x100,100,1000, 10000000,0.665000,1791231209.368741,1791231210.033067
2,1,150x150,150,1000, 22500000,7.956000,1791231210.036488,1791231217.992205
2,2,150x150,150,1000, 22500000,4.225000,1791231217.992290,1791231222.217152
2,3,150x150,150,1000, 22500000,3.005000,1791231222.217215,1791231225.222684
2,4,150x150,150,1000, 22500000,2.452000,1791231225.222738,1791231227.674921
2,5,150x150,150,1000, 22500000,2.132000,1791231227.674976,1791231229.806811
2,6,150x150,150,1000, 22500000,2.071000,1791231229.806869,1791231231.877760
2,7,150x150,150,1000, 22500000,2.073000,1791231231.877821,1791231233.950970
2,8,150x150,150,1000, 22500000,1.831000,1791231233.951276,1791231235.782985
2,9,150x150,150,1000, 22500000,1.693000,1791231235.783038,1791231237.476942
2,10,150x150,150,1000, 22500000,1.609000,1791231237.476996,1791231239.086466
2,11,150x150,150,1000, 22500000,1.532000,1791231239.086522,1791231240.618530
2,12,150x150,150,1000, 22500000,1.681000,1791231240.618596,1791231242.299440
2,1,200x200,200,1000, 40000000,17.678000,1791231242.305281,1791231259.983583
2,2,200x200,200,1000, 40000000,9.473000,1791231259.983661,1791231269.456307
2,3,200x200,200,1000, 40000000,6.727000,1791231269.456440,1791231276.183217
2,4,200x200,200,1000, 40000000,5.311000,1791231276.183272,1791231281.494433
2,5,200x200,200,1000, 40000000,4.490000,1791231281.494491,1791231285.984305
2,6,200x200,200,1000, 40000000,4.404000,1791231285.984361,1791231290.388167
2,7,200x200,200,1000, 40000000,4.528000,1791231290.388226,1791231294.916973
2,8,200x200,200,1000, 40000000,3.993000,1791231294.917035,1791231298.910150
2,9,200x200,200,1000, 40000000,3.580000,1791231298.910211,1791231302.490074
2,10,200x200,200,1000, 40000000,3.340000,1791231302.490133,1791231305.830077
2,11,200x200,200,1000, 40000000,3.183000,1791231305.830131,1791231309.013539
2,12,200x200,200,1000, 40000000,3.442000,1791231309.013595,1791231312.455355
3,1,50x50,50,1000, 2500000,0.394000,1791231312.456075,1791231312.850509
3,2,50x50,50,1000, 2500000,0.275000,1791231312.850591,1791231313.125217
3,3,50x50,50,1000, 2500000,0.226000,1791231313.125283,1791231313.351642
3,4,50x50,50,1000, 2500000,0.217000,1791231313.351694,1791231313.568816
3,5,50x50,50,1000, 2500000,0.222000,1791231313.568872,1791231313.790944
3,6,50x50,50,1000, 2500000,0.243000,1791231313.791028,1791231314.034850
3,7,50x50,50,1000, 2500000,0.233000,1791231314.034910,1791231314.267579
3,8,50x50,50,1000, 2500000,0.235000,1791231314.267635,1791231314.502189
3,9,50x50,50,1000, 2500000,0.239000,1791231314.502243,1791231314.741085
3,10,50x50,50,1000, 2500000,0.242000,1791231314.741140,1791231314.983983
3,11,50x50,50,1000, 2500000,0.247000,1791231314.984045,1791231315.231373
3,12,50x50,50,1000, 2500000,0.266000,1791231315.231428,1791231315.497007
3,1,100x100,100,1000, 10000000,2.546000,1791231315.498511,1791231318.044147
3,2,100x100,100,1000, 10000000,1.424000,1791231318.044234,1791231319.468265
3,3,100x100,100,1000, 10000000,1.032000,1791231319.468327,1791231320.500081
3,4,100x100,100,1000, 10000000,0.874000,1791231320.500137,1791231321.374471
3,5,100x100,100,1000, 10000000,0.771000,1791231321.374525,1791231322.145390
3,6,100x100,100,1000, 10000000,0.766000,1791231322.145448,1791231322.911642
3,7,100x100,100,1000, 10000000,0.807000,1791231322.911697,1791231323.718847
3,8,100x100,100,1000, 10000000,0.714000,1791231323.718931,1791231324.432695
3,9,100x100,100,1000, 10000000,0.679000,1791231324.432752,1791231325.111046
3,10,100x100,100,1000, 10000000,0.624000,1791231325.111103,1791231325.735566
3,11,100x100,100,1000, 10000000,0.628000,1791231325.735623,1791231326.363514
3,12,100x100,100,1000, 10000000,0.651000,1791231326.363572,1791231327.014573
3,1,150x150,150,1000, 22500000,7.808000,1791231327.018258,1791231334.826512
3,2,150x150,150,1000, 22500000,4.215000,1791231334.826586,1791231339.041557
3,3,150x150,150,1000, 22500000,3.050000,1791231339.041974,1791231342.092190
3,4,150x150,150,1000, 22500000,2.519000,1791231342.092246,1791231344.611929
3,5,150x150,150,1000, 22500000,2.125000,1791231344.611983,1791231346.736812
3,6,150x150,150,1000, 22500000,1.964000,1791231346.736870,1791231348.700747
3,7,150x150,150,1000, 22500000,2.063000,1791231348.700804,1791231350.763070
3,8,150x150,150,1000, 22500000,1.904000,1791231350.763133,1791231352.667272
3,9,150x150,150,1000, 22500000,1.751000,1791231352.667329,1791231354.418131
3,10,150x150,150,1000, 22500000,1.556000,1791231354.418189,1791231355.974830
3,11,150x150,150,1000, 22500000,1.534000,1791231355.974886,1791231357.508214
3,12,150x150,150,1000, 22500000,1.590000,1791231357.508271,1791231359.098519
3,1,200x200,200,1000, 40000000,17.705000,1791231359.104210,1791231376.809214
3,2,200x200,200,1000, 40000000,9.422000,1791231376.809502,1791231386.231756
3,3,200x200,200,1000, 40000000,6.750000,1791231386.231877,1791231392.981151
3,4,200x200,200,1000, 40000000,5.324000,1791231392.981208,1791231398.305739
3,5,200x200,200,1000, 40000000,4.513000,1791231398.305814,1791231402.818914
3,6,200x200,200,1000, 40000000,4.372000,1791231402.818976,1791231407.190846
3,7,200x200,200,1000, 40000000,4.423000,1791231407.190917,1791231411.613324
3,8,200x200,200,1000, 40000000,3.996000,1791231411.613381,1791231415.609150
3,9,200x200,200,1000, 40000000,3.617000,1791231415.609207,1791231419.226620
3,10,200x200,200,1000, 40000000,3.254000,1791231419.226676,1791231422.480616
3,11,200x200,200,1000, 40000000,3.162000,1791231422.480674,1791231425.642960
3,12,200x200,200,1000, 40000000,3.393000,1791231425.643015,1791231429.036267
4,1,50x50,50,1000, 2500000,0.399000,1791231429.036996,1791231429.436335
4,2,50x50,50,1000, 2500000,0.284000,1791231429.436416,1791231429.720105
4,3,50x50,50,1000, 2500000,0.223000,1791231429.720513,1791231429.943589
4,4,50x50,50,1000, 2500000,0.227000,1791231429.943643,1791231430.170002
4,5,50x50,50,1000, 2500000,0.218000,1791231430.170055,1791231430.388390
4,6,50x50,50,1000, 2500000,0.223000,1791231430.388445,1791231430.611831
4,7,50x50,50,1000, 2500000,0.242000,1791231430.611896,1791231430.853102
4,8,50x50,50,1000, 2500000,0.234000,1791231430.853161,1791231431.087123
4,9,50x50,50,1000, 2500000,0.234000,1791231431.087176,1791231431.321873
4,10,50x50,50,1000, 2500000,0.237000,1791231431.321927,1791231431.558262
4,11,50x50,50,1000, 2500000,0.247000,1791231431.558317,1791231431.805555
4,12,50x50,50,1000, 2500000,0.271000,1791231431.805606,1791231432.076707
4,1,100x100,100,1000, 10000000,2.542000,1791231432.078303,1791231434.620173
4,2,100x100,100,1000, 10000000,1.427000,1791231434.620238,1791231436.047424
4,3,100x100,100,1000, 10000000,1.055000,1791231436.047489,1791231437.102841
4,4,100x100,100,1000, 10000000,0.906000,1791231437.102892,1791231438.008811
4,5,100x100,100,1000, 10000000,0.842000,1791231438.008872,1791231438.850525
4,6,100x100,100,1000, 10000000,0.777000,1791231438.850580,1791231439.627166
4,7,100x100,100,1000, 10000000,0.779000,1791231439.627227,1791231440.406998
4,8,100x100,100,1000, 10000000,0.707000,1791231440.407053,1791231441.114138
4,9,100x100,100,1000, 10000000,0.661000,1791231441.114192,1791231441.775395
4,10,100x100,100,1000, 10000000,0.626000,1791231441.775450,1791231442.401651
4,11,100x100,100,1000, 10000000,0.629000,1791231442.401706,1791231443.030483
4,12,100x100,100,1000, 10000000,0.686000,1791231443.030536,1791231443.716343
4,1,150x150,150,1000, 22500000,7.821000,1791231443.719685,1791231451.540968
4,2,150x150,150,1000, 22500000,4.243000,1791231451.541207,1791231455.784262
4,3,150x150,150,1000, 22500000,3.008000,1791231455.784332,1791231458.792366
4,4,150x150,150,1000, 22500000,2.449000,1791231458.792470,1791231461.241203
4,5,150x150,150,1000, 22500000,2.050000,1791231461.241258,1791231463.291437
4,6,150x150,150,1000, 22500000,1.949000,1791231463.291491,1791231465.240412
4,7,150x150,150,1000, 22500000,2.123000,1791231465.240467,1791231467.363341
4,8,150x150,150,1000, 22500000,1.903000,1791231467.363396,1791231469.266423
4,9,150x150,150,1000, 22500000,1.711000,1791231469.266483,1791231470.977536
4,10,150x150,150,1000, 22500000,1.574000,1791231470.977595,1791231472.551740
4,11,150x150,150,1000, 22500000,1.525000,1791231472.551799,1791231474.076770
4,12,150x150,150,1000, 22500000,1.641000,1791231474.076824,1791231475.717725
4,1,200x200,200,1000, 40000000,17.532000,1791231475.723402,1791231493.255548
4,2,200x200,200,1000, 40000000,9.439000,1791231493.255625,1791231502.694829
4,3,200x200,200,1000, 40000000,6.681000,1791231502.694890,1791231509.375908
4,4,200x200,200,1000, 40000000,5.449000,1791231509.375970,1791231514.824079
4,5,200x200,200,1000, 40000000,4.558000,1791231514.824137,1791231519.382580
4,6,200x200,200,1000, 40000000,4.539000,1791231519.382634,1791231523.921298
4,7,200x200,200,1000, 40000000,4.468000,1791231523.921355,1791231528.389782
4,8,200x200,200,1000, 40000000,3.936000,1791231528.389839,1791231532.325921
4,9,200x200,200,1000, 40000000,3.676000,1791231532.325977,1791231536.001008
4,10,200x200,200,1000, 40000000,3.337000,1791231536.001066,1791231539.338924
4,11,200x200,200,1000, 40000000,3.298000,1791231539.338981,1791231542.636875
4,12,200x200,200,1000, 40000000,3.432000,1791231542.636933,1791231546.068260
